city_corp,ward_no,elec_coverage,raw_line
DNCC,1,99.87,Ward No. 01 100.00 1.67 2.52 0.16 0.01 0.02 0.35 86.78 7.95 0.34 0.21 99.87
DNCC,2,99.89,Ward No. 02 100.00 2.62 5.79 0.75 0.51 0.07 2.07 79.56 8.45 0.07 0.11 99.89
DNCC,3,99.93,Ward No. 03 100.00 0.86 1.97 1.17 1.05 0.03 4.70 84.84 5.03 0.04 0.31 99.93
DNCC,4,99.95,Ward No. 04 100.00 0.66 2.52 0.05 0.01 0.03 0.21 85.21 11.14 0.09 0.07 99.95
DNCC,5,99.94,Ward No. 05 100.00 1.43 4.96 0.76 0.38 0.08 12.67 70.89 7.96 0.11 0.76 99.94
DNCC,6,99.95,Ward No. 06 100.00 1.15 1.03 0.10 0.01 0.02 0.51 90.94 6.12 0.04 0.08 99.95
DNCC,7,99.93,Ward No. 07 100.00 0.86 2.01 0.37 0.02 0.01 0.34 89.70 6.53 0.09 0.07 99.93
DNCC,8,99.94,Ward No. 08 100.00 1.10 2.79 0.16 0.01 0.02 0.65 87.52 7.53 0.05 0.18 99.94
DNCC,9,99.97,Ward No. 09 100.00 0.91 5.42 0.13 0.00 0.02 0.21 85.57 7.40 0.15 0.18 99.97
DNCC,10,99.94,Ward No. 10 100.00 0.80 3.90 0.66 0.01 0.02 0.19 86.67 7.41 0.08 0.26 99.94
DNCC,11,99.94,Ward No. 11 100.00 1.50 3.34 0.33 0.01 0.03 0.78 84.90 8.87 0.09 0.15 99.94
DNCC,12,99.93,Ward No. 12 100.00 0.99 0.87 0.12 0.01 0.04 0.24 89.98 7.63 0.07 0.06 99.93
DNCC,13,99.98,Ward No. 13 100.00 1.55 0.27 0.05 0.01 0.04 0.22 89.85 7.89 0.08 0.04 99.98
DNCC,14,99.92,Ward No. 14 100.00 1.09 0.20 0.08 0.02 0.04 0.26 91.97 6.07 0.07 0.18 99.92
DNCC,15,99.84,Ward No. 15 100.00 0.95 5.63 0.40 0.02 0.06 1.97 73.36 17.02 0.09 0.50 99.84
DNCC,16,99.96,Ward No. 16 100.00 1.38 0.23 0.05 0.01 0.05 0.51 92.35 5.30 0.04 0.07 99.96
DNCC,17,99.92,Ward No. 17 100.00 1.44 1.38 0.29 0.01 0.07 0.18 84.44 12.07 0.06 0.07 99.92
DNCC,18,99.41,Ward No. 18 100.00 1.35 1.03 0.15 0.00 0.03 0.66 91.92 4.76 0.04 0.07 99.41
DNCC,19,99.96,Ward No. 19 100.00 0.58 0.12 0.08 0.01 0.02 0.35 97.13 1.52 0.05 0.14 99.96
DNCC,20,99.97,Ward No. 20 100.00 0.85 0.05 0.06 0.01 0.05 0.27 96.59 2.04 0.04 0.04 99.97
DNCC,21,99.9,Ward No. 21 100.00 1.42 0.22 0.07 0.01 0.06 0.42 93.02 4.63 0.09 0.07 99.90
DNCC,22,99.95,Ward No. 22 100.00 1.00 0.63 0.08 0.00 0.02 0.34 88.98 8.79 0.08 0.08 99.95
DNCC,23,99.97,Ward No. 23 100.00 0.97 1.79 0.22 0.01 0.03 0.44 86.28 10.05 0.06 0.15 99.97
DNCC,24,99.67,Ward No. 24 100.00 1.04 1.83 0.51 0.00 0.07 0.12 92.58 3.48 0.04 0.32 99.67
DNCC,25,99.88,Ward No. 25 100.00 1.30 0.17 0.07 0.01 0.07 0.28 94.57 3.41 0.03 0.08 99.88
DNCC,26,99.96,Ward No. 26 100.00 1.28 0.93 0.10 0.02 0.03 0.89 91.57 4.81 0.05 0.31 99.96
DNCC,27,99.99,Ward No. 27 100.00 1.36 0.39 0.54 0.02 0.04 0.72 91.29 5.51 0.06 0.06 99.99
DNCC,28,99.97,Ward No. 28 100.00 0.74 6.99 1.11 0.06 0.05 0.31 76.67 13.58 0.05 0.44 99.97
DNCC,29,99.95,Ward No. 29 100.00 0.99 0.42 0.15 1.30 0.02 4.59 85.48 5.51 0.02 1.52 99.95
DNCC,30,99.91,Ward No. 30 100.00 0.94 4.13 0.47 0.01 0.04 0.47 86.62 7.10 0.12 0.09 99.91
DNCC,31,99.96,Ward No. 31 100.00 1.37 0.02 0.02 0.17 0.05 0.82 94.20 3.13 0.04 0.17 99.96
DNCC,32,99.97,Ward No. 32 100.00 1.45 0.51 0.16 33.12 0.65 5.47 48.55 9.12 0.10 0.87 99.97
DNCC,33,99.94,Ward No. 33 100.00 1.31 7.47 0.66 0.03 0.06 0.37 56.02 33.73 0.14 0.22 99.94
DNCC,34,99.95,Ward No. 34 100.00 0.90 4.95 0.47 0.02 0.04 0.50 81.80 11.13 0.08 0.09 99.95
DNCC,35,99.74,Ward No. 35 100.00 1.05 0.72 0.09 0.02 0.04 0.23 92.53 5.20 0.05 0.08 99.74
DNCC,36,99.97,Ward No. 36 100.00 1.01 3.47 0.71 0.01 0.06 0.43 87.28 6.86 0.11 0.06 99.97
DNCC,37,99.9,Ward No. 37 100.00 0.92 1.60 0.14 0.11 0.02 0.69 81.59 14.63 0.05 0.26 99.90
DNCC,38,99.97,Ward No. 38 100.00 1.07 0.33 0.12 0.00 0.03 0.55 90.38 7.11 0.37 0.04 99.97
DNCC,39,99.94,Ward No. 39 100.00 1.29 0.96 0.17 0.02 0.75 1.06 82.74 12.84 0.06 0.11 99.94
DNCC,40,99.94,Ward No. 40 100.00 1.20 3.43 0.47 0.05 0.05 0.14 82.10 11.97 0.10 0.48 99.94
DNCC,41,99.85,Ward No. 41 100.00 1.26 10.51 0.42 0.00 0.01 0.21 66.98 20.25 0.10 0.25 99.85
DNCC,42,99.94,Ward No. 42 100.00 1.81 22.54 2.45 0.00 0.00 0.31 0.39 72.13 0.12 0.25 99.94
DNCC,43,99.89,Ward No. 43 100.00 1.71 39.06 2.40 0.00 0.02 0.13 0.58 55.75 0.04 0.30 99.89
DNCC,44,99.91,Ward No. 44 100.00 2.06 21.97 0.98 0.03 0.00 0.04 29.89 44.83 0.09 0.13 99.91
DNCC,45,99.87,Ward No. 45 100.00 0.96 2.20 0.55 0.01 0.01 0.26 77.01 18.79 0.05 0.16 99.87
DNCC,46,99.83,Ward No. 46 100.00 3.12 17.18 1.48 0.02 0.00 0.17 44.82 32.70 0.17 0.35 99.83
DNCC,47,99.94,Ward No. 47 100.00 0.79 0.57 0.19 0.01 0.02 0.25 83.54 14.42 0.07 0.14 99.94
DNCC,48,99.82,Ward No. 48 100.00 1.84 9.01 0.58 0.02 0.07 0.12 65.41 22.65 0.08 0.23 99.82
DNCC,49,99.95,Ward No. 49 100.00 1.01 1.58 0.12 0.00 0.03 0.19 71.78 25.12 0.03 0.13 99.95
DNCC,50,99.9,Ward No. 50 100.00 1.10 0.44 0.09 0.02 0.06 0.38 84.81 12.96 0.05 0.10 99.90
DNCC,51,99.75,Ward No. 51 100.00 1.15 1.04 0.17 0.01 0.05 0.22 88.77 8.45 0.02 0.11 99.75
DNCC,52,99.9,Ward No. 52 100.00 1.18 6.63 0.92 0.03 0.03 0.19 68.62 22.26 0.05 0.08 99.90
DNCC,53,99.66,Ward No. 53 100.00 1.15 6.23 0.42 0.00 0.01 0.16 72.51 19.37 0.04 0.09 99.66
DNCC,54,99.88,Ward No. 54 100.00 1.53 4.96 0.52 0.02 0.02 0.28 83.08 9.47 0.03 0.11 99.88
DSCC,1,99.67,Ward No. 01 100.00 0.88 1.20 0.02 0.03 0.04 0.53 91.18 5.99 0.04 0.10 99.67
DSCC,2,99.96,Ward No. 02 100.00 1.14 0.39 0.13 0.02 0.04 0.19 89.95 7.91 0.08 0.15 99.96
DSCC,3,99.95,Ward No. 03 100.00 1.14 1.72 0.30 0.04 0.04 0.33 80.43 15.62 0.09 0.30 99.95
DSCC,4,99.97,Ward No. 04 100.00 1.05 0.05 0.03 0.01 0.04 0.30 90.78 7.63 0.03 0.09 99.97
DSCC,5,99.95,Ward No. 05 100.00 1.09 0.77 0.19 0.01 0.02 0.84 85.77 11.23 0.00 0.08 99.95
DSCC,6,99.95,Ward No. 06 100.00 0.94 0.25 0.15 0.01 0.04 0.91 90.57 7.02 0.03 0.07 99.95
DSCC,7,99.98,Ward No. 07 100.00 1.21 0.94 0.21 0.06 0.02 0.40 88.09 8.09 0.87 0.10 99.98
DSCC,8,99.98,Ward No. 08 100.00 1.23 2.56 0.30 0.12 0.06 0.05 88.75 6.24 0.62 0.08 99.98
DSCC,9,99.84,Ward No. 09 100.00 2.65 0.45 0.09 0.11 0.14 0.48 91.98 2.40 0.07 1.63 99.84
DSCC,10,99.85,Ward No. 10 100.00 1.32 0.80 0.02 0.09 0.02 0.54 84.84 12.15 0.02 0.19 99.85
DSCC,11,99.56,Ward No. 11 100.00 1.03 1.09 0.10 0.02 0.04 0.13 92.69 4.79 0.04 0.07 99.56
DSCC,12,99.96,Ward No. 12 100.00 1.06 0.14 0.06 0.01 0.03 0.36 86.76 11.36 0.09 0.14 99.96
DSCC,13,99.91,Ward No. 13 100.00 1.42 0.00 0.00 0.01 0.02 0.23 93.08 5.04 0.12 0.09 99.91
DSCC,14,99.92,Ward No. 14 100.00 1.18 0.97 0.11 0.03 0.01 0.63 92.55 4.29 0.11 0.13 99.92
DSCC,15,99.92,Ward No. 15 100.00 1.28 0.04 0.02 0.02 0.01 0.24 91.47 6.79 0.04 0.09 99.92
DSCC,16,99.93,Ward No. 16 100.00 1.64 0.18 0.12 0.00 0.06 0.25 92.92 4.62 0.04 0.17 99.93
DSCC,17,99.99,Ward No. 17 100.00 1.77 0.02 0.01 0.02 0.03 1.18 93.13 3.69 0.03 0.12 99.99
DSCC,18,99.97,Ward No. 18 100.00 1.80 0.01 0.03 0.00 0.07 0.10 92.32 5.36 0.05 0.24 99.97
DSCC,19,99.96,Ward No. 19 100.00 1.77 1.14 0.05 0.02 0.01 0.12 86.51 10.18 0.11 0.08 99.96
DSCC,20,99.9,Ward No. 20 100.00 1.70 2.05 0.07 0.10 0.14 2.92 83.25 8.43 1.03 0.31 99.90
DSCC,21,100.0,Ward No. 21 100.00 1.44 0.05 0.03 0.00 0.00 0.32 88.19 9.81 0.03 0.13 100.00
DSCC,22,99.95,Ward No. 22 100.00 1.32 1.46 0.20 0.31 0.09 0.28 86.34 8.19 1.61 0.19 99.95
DSCC,23,99.93,Ward No. 23 100.00 1.26 0.09 0.07 0.11 0.09 0.35 89.38 8.32 0.07 0.27 99.93
DSCC,24,99.95,Ward No. 24 100.00 0.62 0.44 0.06 0.06 0.04 0.34 92.81 5.46 0.06 0.11 99.95
DSCC,25,99.92,Ward No. 25 100.00 1.10 0.05 0.10 0.10 0.01 0.65 89.75 7.97 0.04 0.22 99.92
DSCC,26,99.96,Ward No. 26 100.00 1.72 0.77 0.05 0.02 0.02 0.35 77.32 19.36 0.19 0.21 99.96
DSCC,27,99.91,Ward No. 27 100.00 1.97 0.02 0.02 0.09 0.28 0.59 88.71 7.81 0.20 0.31 99.91
DSCC,28,99.98,Ward No. 28 100.00 0.71 0.00 0.02 0.09 0.07 0.96 91.23 6.42 0.05 0.45 99.98
DSCC,29,99.9,Ward No. 29 100.00 1.45 0.27 0.15 0.02 0.04 0.30 93.92 3.14 0.51 0.20 99.90
DSCC,30,99.9,Ward No. 30 100.00 4.06 0.03 0.06 0.00 0.03 1.72 89.64 3.96 0.03 0.45 99.90
DSCC,31,99.75,Ward No. 31 100.00 3.74 0.30 0.04 0.19 0.04 0.19 87.29 7.52 0.19 0.49 99.75
DSCC,32,99.95,Ward No. 32 100.00 1.18 0.14 0.06 0.24 0.05 0.54 93.33 4.16 0.03 0.27 99.95
DSCC,33,99.96,Ward No. 33 100.00 1.45 0.15 0.01 0.25 0.01 0.27 92.13 4.97 0.17 0.58 99.96
DSCC,34,99.9,Ward No. 34 100.00 0.99 0.08 0.01 0.23 0.01 0.30 94.10 3.74 0.06 0.47 99.90
DSCC,35,100.0,Ward No. 35 100.00 1.04 0.04 0.08 0.10 0.08 2.06 93.22 3.04 0.02 0.29 100.00
DSCC,36,99.92,Ward No. 36 100.00 0.97 0.38 0.00 0.16 0.04 0.20 90.90 7.13 0.06 0.16 99.92
DSCC,37,99.95,Ward No. 37 100.00 0.47 0.38 0.24 0.52 0.00 0.05 78.26 19.23 0.09 0.76 99.95
DSCC,38,99.91,Ward No. 38 100.00 0.95 4.54 0.14 0.03 0.00 0.14 88.77 5.14 0.08 0.21 99.91
DSCC,39,99.93,Ward No. 39 100.00 2.81 0.24 0.05 0.03 0.05 0.24 90.80 5.61 0.01 0.17 99.93
DSCC,40,99.96,Ward No. 40 100.00 1.32 0.15 0.15 0.05 0.02 0.40 90.84 6.85 0.04 0.17 99.96
DSCC,41,99.96,Ward No. 41 100.00 1.32 0.08 0.11 0.01 0.04 0.44 91.56 6.14 0.05 0.25 99.96
DSCC,42,99.98,Ward No. 42 100.00 2.53 0.44 0.02 0.13 0.02 2.53 86.73 7.06 0.16 0.39 99.98
DSCC,43,99.93,Ward No. 43 100.00 1.43 1.37 0.05 0.07 0.03 0.18 91.17 5.32 0.08 0.30 99.93
DSCC,44,99.54,Ward No. 44 100.00 1.46 0.16 0.08 0.11 0.02 0.17 90.35 7.53 0.06 0.06 99.54
DSCC,45,99.91,Ward No. 45 100.00 1.47 0.26 0.01 0.07 0.02 0.29 89.18 8.28 0.22 0.21 99.91
DSCC,46,99.95,Ward No. 46 100.00 1.22 0.43 0.03 0.02 0.02 0.15 89.50 8.26 0.07 0.30 99.95
DSCC,47,99.96,Ward No. 47 100.00 1.05 2.32 0.14 0.01 0.03 0.22 91.61 4.52 0.04 0.07 99.96
DSCC,48,99.92,Ward No. 48 100.00 1.68 0.81 0.05 0.02 0.08 0.15 90.59 6.19 0.10 0.32 99.92
DSCC,49,99.94,Ward No. 49 100.00 1.18 19.93 1.31 0.16 0.06 0.12 67.67 9.25 0.08 0.23 99.94
DSCC,50,99.96,Ward No. 50 100.00 1.92 0.03 0.01 0.02 0.04 0.34 93.88 3.54 0.15 0.08 99.96
DSCC,51,99.94,Ward No. 51 100.00 1.85 0.17 0.06 0.01 0.21 0.18 92.99 3.82 0.56 0.17 99.94
DSCC,52,99.91,Ward No. 52 100.00 0.85 0.26 0.05 0.00 0.01 0.42 91.16 6.82 0.34 0.08 99.91
DSCC,53,99.98,Ward No. 53 100.00 0.72 0.26 0.04 0.01 0.08 0.17 92.88 5.74 0.06 0.05 99.98
DSCC,54,99.91,Ward No. 54 100.00 1.01 0.75 0.20 0.04 0.09 0.23 93.92 3.56 0.03 0.16 99.91
DSCC,55,99.96,Ward No. 55 100.00 1.06 7.77 1.61 0.47 0.06 0.43 61.07 27.00 0.09 0.45 99.96
DSCC,56,99.97,Ward No. 56 100.00 0.79 2.85 0.66 0.37 0.07 0.32 66.81 27.60 0.11 0.42 99.97
DSCC,57,99.88,Ward No. 57 100.00 1.26 7.47 1.53 0.26 0.11 0.19 10.92 77.35 0.30 0.60 99.88
DSCC,58,99.97,Ward No. 58 100.00 1.25 2.26 0.17 0.01 0.12 0.13 90.65 4.70 0.37 0.34 99.97
DSCC,59,99.89,Ward No. 59 100.00 1.84 4.48 0.26 0.02 0.14 0.22 83.49 9.36 0.04 0.17 99.89
DSCC,60,99.97,Ward No. 60 100.00 0.85 0.17 0.04 0.00 0.02 0.16 83.73 14.81 0.05 0.17 99.97
DSCC,61,99.96,Ward No. 61 100.00 1.60 0.07 0.06 0.02 0.03 0.30 89.48 8.22 0.05 0.16 99.96
DSCC,62,99.93,Ward No. 62 100.00 0.68 0.32 0.02 0.00 0.03 0.35 89.44 8.98 0.10 0.08 99.93
DSCC,63,99.94,Ward No. 63 100.00 1.17 0.63 0.09 0.04 0.05 0.24 88.21 9.19 0.05 0.32 99.94
DSCC,64,99.9,Ward No. 64 100.00 1.59 2.16 0.16 0.01 0.05 0.21 82.29 13.29 0.10 0.14 99.90
DSCC,65,99.95,Ward No. 65 100.00 0.82 0.32 0.02 0.02 0.02 0.30 81.65 16.62 0.11 0.11 99.95
DSCC,66,99.96,Ward No. 66 100.00 1.37 0.45 0.07 0.01 0.04 0.18 76.08 21.60 0.08 0.12 99.96
DSCC,67,99.9,Ward No. 67 100.00 0.62 0.45 0.04 0.02 0.01 0.12 84.82 12.49 0.08 1.36 99.90
DSCC,68,99.94,Ward No. 68 100.00 0.24 0.24 0.01 0.01 0.03 0.42 89.22 9.69 0.07 0.07 99.94
DSCC,69,99.9,Ward No. 69 100.00 1.63 2.72 0.37 0.00 0.12 0.06 85.34 9.01 0.23 0.51 99.90
DSCC,70,99.67,Ward No. 70 100.00 1.12 11.92 2.31 0.04 0.02 2.04 45.63 35.72 0.33 0.87 99.67
DSCC,71,99.87,Ward No. 71 100.00 0.78 2.01 0.38 0.01 0.08 0.22 81.05 15.16 0.08 0.24 99.87
DSCC,72,99.94,Ward No. 72 100.00 1.73 1.28 0.08 0.00 0.00 0.06 84.59 12.09 0.04 0.13 99.94
DSCC,73,99.92,Ward No. 73 100.00 1.69 4.68 0.90 0.03 0.03 0.44 67.41 24.59 0.10 0.13 99.92
DSCC,74,99.93,Ward No. 74 100.00 0.42 2.48 0.54 0.01 0.08 0.16 76.84 19.07 0.08 0.34 99.93
DSCC,75,99.9,Ward No. 75 100.00 0.89 48.70 1.87 0.01 0.01 0.40 2.68 44.32 0.28 0.82 99.90
