year,district,yield_mton_ha,loess_residual,z_score,deficit,rainfall_mm,rainfall_mm_anomaly,ndvi_mean,ndvi_mean_anomaly
1970,Rajshahi Division,1.210414391076191,0.0719273375389875,0.7966716876545471,False,,,,
1971,Rajshahi Division,1.26420476547817,0.1302978729888626,1.36240377818358,False,,,,
1974,Rajshahi Division,1.027399828198296,-0.099522532788101,-0.8650347334621178,False,,,,
1975,Rajshahi Division,1.034347815549852,-0.0912956757924721,-0.7852993503488808,False,,,,
1976,Rajshahi Division,1.050945922743605,-0.0731153621305971,-0.6090942363279833,False,,,,
1977,Rajshahi Division,1.074826878808237,-0.0468793215437624,-0.3548123460900499,False,,,,
1978,Rajshahi Division,1.14281030621086,0.023441868008929,0.3267464792233744,False,,,,
1979,Rajshahi Division,1.128687759613169,0.0020201841561173,0.1191257353789033,False,,,,
1980,Rajshahi Division,1.115283969646711,-0.0335941161540092,-0.2260510290946491,False,,,,
1981,Rajshahi Division,1.172167572779775,0.0003654068084888,0.103087495520064,False,,,,
1982,Rajshahi Division,1.172254035906796,-0.022198879230437,-0.1156074438652132,False,,,,
1983,Rajshahi Division,1.183636908032252,-0.0348546178272017,-0.2382679162825858,False,,,,
1984,Rajshahi Division,1.278410169104109,0.0295776470135564,0.3862149603082002,False,1630.6044108637197,1.479930004243973,,
1985,Rajshahi Division,1.280757508637395,-0.0086441856489081,0.0157657751271651,False,1410.1139713651455,0.5343876875607505,,
1986,Rajshahi Division,1.330338808121738,-0.0102163167975073,0.0005285491118819,False,1442.4956543463095,0.6732519921253457,,
1987,Rajshahi Division,1.271383798398453,-0.1282079850558872,-1.1430565256925709,True,1797.158446565606,2.194173620106147,,
1988,Rajshahi Division,1.212851537624811,-0.248077158121071,-2.304838533438362,True,1351.8605297683137,0.28457597578086014,,
1989,Rajshahi Division,1.433669798593206,-0.084877266386224,-0.7230915918748118,False,1087.4436781384113,-0.849338596791065,,
1990,Rajshahi Division,1.655520904132153,0.0852042613892709,0.9253527392797416,False,1326.0070206114963,0.17370682880958713,,
1991,Rajshahi Division,1.786136449149346,0.170499526596529,1.7520415528399331,False,1415.5896117701277,0.5578692032474413,,
1992,Rajshahi Division,1.794304876073257,0.1373146182376223,1.4304106574711504,False,891.9005911781484,-1.6878976920346997,,
1993,Rajshahi Division,1.899061852722009,0.2002928448031598,2.040800874009909,False,1285.5460100735054,0.00019546148482127334,,
1994,Rajshahi Division,1.810290125177528,0.0683976410193307,0.7624615750419391,False,864.6602290517372,-1.8047141634013109,,
1995,Rajshahi Division,1.601867673323739,-0.1817722577230878,-1.6622059170786545,True,1403.0251143235496,0.5039881186497813,,
1996,Rajshahi Division,1.541639817332705,-0.2794022727537248,-2.6084441531334406,True,1206.6269565414286,-0.3382378278535567,,
1997,Rajshahi Division,1.705849623270074,-0.1481033397069535,-1.3358839598049357,True,1365.0320565725924,0.3410602206174868,,
1998,Rajshahi Division,1.794486888997075,-0.092055454639147,-0.7926631902032921,False,1515.5221254038352,0.9864157682054401,,
1999,Rajshahi Division,1.977717646411595,0.0540567982684996,0.6234689328321925,False,1638.0391971089866,1.5118130420136882,,
2000,Rajshahi Division,2.03743689810938,0.0686747722162948,0.7651475536816916,False,1240.1247641992281,-0.19458717919688537,0.49430929123708395,-1.6814106604570824
2001,Rajshahi Division,2.169598474378478,0.1482845337328795,1.5367319919976772,False,1226.4755361885245,-0.2531199786394738,0.5201595331225157,-1.0794985137468889
2002,Rajshahi Division,2.073830034094853,-0.0039925710348582,0.0608496113410994,False,1380.5237603349842,0.40749421883606657,0.5314460935240114,-0.8166956421007594
2003,Rajshahi Division,2.152907049312634,0.0187533481115225,0.28130495392977,False,1178.0647511329357,-0.460722838690968,0.5253504572323632,-0.9586300016371889
2004,Rajshahi Division,2.104086165150289,-0.0845953330614746,-0.720359070612654,False,1485.191931550442,0.8563489869572033,0.5062610593066665,-1.4031187045199498
2005,Rajshahi Division,2.16058721077935,-0.078923849758413,-0.6653905821327633,False,1466.4124296462692,0.7758157276602925,0.5191313163561877,-1.1034401141329455
2006,Rajshahi Division,2.298478097337129,0.0115032426067807,0.2110363276075763,False,834.5492979428341,-1.9338406671306725,0.5631588462716768,-0.07827736466118514
2007,Rajshahi Division,2.241319615310383,-0.0928764108620501,-0.8006199662828029,False,1397.7837203164554,0.48151113577747207,0.5176788615202037,-1.1372599217850907
2008,Rajshahi Division,2.50507056764446,0.1227914786228105,1.2896511788744869,False,1282.686726618942,-0.012066174474679711,0.5267852914165491,-0.9252204835443152
2009,Rajshahi Division,2.522295039517361,0.0915682644359603,0.9870331867861456,False,1141.0602924215489,-0.6194112684348781,0.5468155102047529,-0.458825157600491
2010,Rajshahi Division,2.522086909153995,0.0423751510972425,0.5102494356306815,False,1073.1706593899105,-0.910546435299672,0.5782946771280346,0.27415417092638067
2011,Rajshahi Division,2.502847444941965,-0.0258638732870064,-0.1511288714728114,False,1287.4861710704422,0.008515569730575507,0.5519433213798706,-0.339426203965206
2012,Rajshahi Division,2.528363762897755,-0.0490152815540678,-0.375514248387215,False,1182.0324921382266,-0.44370773803320884,0.5869901843089808,0.4766254443950766
2013,Rajshahi Division,2.663847416723655,0.0382769381474332,0.4705292144324414,False,971.1598730201846,-1.348005381320466,0.5865267237068215,0.4658339567487458
2014,Rajshahi Division,2.638946147076141,-0.0343198673792981,-0.2330850704088547,False,1078.6852543498112,-0.8868978684692366,0.5843079127189617,0.4141698643674858
2015,Rajshahi Division,2.70531126022066,-0.015137246386752,-0.0471655102695032,False,1264.7034317283171,-0.08918501169568732,0.5869490649466014,0.4756679971189226
