GID_4,NAME_3,NAME_4,city_corp,ward_no,n_fragments,observed,pop_total,ASI,arrivals_low,arrivals_central,arrivals_high,load_ratio_central,asi_rank,arrival_rank,crisis_index,crisis_tier
BGD.3.1.18.2_1+BGD.3.1.26.5_1,Kafrul,Ward No-14,DNCC,14.0,2.0,True,196759.0,0.6303136277325733,8910,16038,22275,0.08151088387316463,0.865546218487395,0.9663865546218487,1.0,High concern
BGD.3.1.6.3_1,Chak Bazar,Ward No-65,DSCC,65.0,1.0,True,119917.0,0.662733567163465,5430,9774,13575,0.08150637524287632,0.907563025210084,0.8739495798319328,0.948125581788948,High concern
BGD.3.1.25.3_1,Lalbagh,Ward No-60,DSCC,60.0,1.0,True,108822.0,0.6786411047218927,4927,8870,12319,0.08150925364356472,0.9411764705882353,0.8151260504201681,0.9169840060929169,High concern
BGD.3.1.34.1_1,Rampura,Ward No-22,DNCC,22.0,1.0,True,171433.0,0.6098862298554453,7763,13973,19408,0.08150706106758909,0.7899159663865546,0.9495798319327731,0.8965050351188963,High concern
BGD.3.1.25.4_1,Lalbagh,Ward No-61,DSCC,61.0,1.0,True,89085.0,0.7242894316211254,4034,7261,10085,0.08150642644665207,0.9663865546218487,0.7478991596638656,0.8637556063298637,High concern
BGD.3.1.33.3_1,Ramna,Ward No-55,DSCC,,1.0,True,144013.0,0.5921659742958832,6521,11738,16303,0.08150653066042648,0.7310924369747899,0.9243697478991597,0.8074807480748074,High concern
BGD.3.1.25.5_1,Lalbagh,Ward No-62,DSCC,62.0,1.0,True,96852.0,0.623008677634958,4385,7894,10964,0.08150580266798826,0.8403361344537815,0.7983193277310925,0.8015570787848015,High concern
BGD.3.1.3.1_1+BGD.3.1.6.1_1,Bangshal,Ward No-63,DSCC,63.0,2.0,True,81432.0,0.6551195954654265,3687,6637,9219,0.08150358581393063,0.8907563025210085,0.7394957983193278,0.7870017771007871,High concern
BGD.3.1.26.3_1,Mirpur,Ward No-12,DNCC,12.0,1.0,True,135408.0,0.5751846209149436,6131,11037,15329,0.08150921658986175,0.680672268907563,0.907563025210084,0.737919945840738,High concern
BGD.3.1.43.2_1,Tejgaon,Ward No-39,DNCC,39.0,1.0,True,74319.0,0.618622967704655,3365,6057,8413,0.08150002018326404,0.8319327731092437,0.7142857142857143,0.7097402047897097,High concern
BGD.3.1.26.1_1,Mirpur,Ward No-07,DNCC,7.0,1.0,True,130374.0,0.5598872046581033,5903,10627,14759,0.08151165109607744,0.6302521008403361,0.8907563025210085,0.6703901159346703,High concern
BGD.3.1.3.2_1+BGD.3.1.6.4_1,Bangshal,Ward No-66,DSCC,66.0,2.0,True,74874.0,0.59714871018298,3390,6103,8476,0.08151027058792104,0.7647058823529411,0.7226890756302521,0.6598967589066598,High concern
BGD.3.1.31.4_1,Pallabi,Ward No-06,DNCC,6.0,1.0,True,228316.0,0.5270253451080223,10339,18610,25847,0.08150983724311918,0.5294117647058824,0.9915966386554622,0.6267242108826266,High concern
BGD.3.1.41.6_1,Sutrapur,Ward No-80 (Part),,,1.0,False,,0.7281110140632437,3151,5672,7878,0.08150244995904761,0.9747899159663865,0.5042016806722689,0.5866125074045865,High concern
BGD.3.1.42.2_1,Tejgaon Ind. Area,Ward No-37,DNCC,37.0,1.0,True,118586.0,0.5364045253533656,5370,9666,13425,0.08151046497900258,0.5462184873949579,0.8571428571428571,0.5586866378945585,Moderate concern
BGD.3.1.38.2_1,Shahbagh,Ward No-57,DSCC,57.0,1.0,True,89430.0,0.5476673589064632,4049,7289,10124,0.0815050877781505,0.5966386554621849,0.7647058823529411,0.5443852077515442,Moderate concern
BGD.3.1.13.1_1,Gendaria,Ward No-76 (Part),,,1.0,False,,0.6357637297820984,3151,5672,7878,0.08150244995904761,0.8823529411764706,0.5042016806722689,0.5307607683845307,Moderate concern
BGD.3.1.26.2_1,Mirpur,Ward No-11,DNCC,11.0,1.0,True,114884.0,0.5217395717289116,5202,9364,13006,0.08150830402841126,0.5126050420168067,0.8487394957983193,0.5189980536515189,Moderate concern
BGD.3.1.31.3_1,Pallabi,Ward No-05,DNCC,5.0,1.0,True,133703.0,0.514163695244269,6054,10898,15136,0.08150901625244011,0.4789915966386555,0.8991596638655462,0.5137513751375137,Moderate concern
BGD.3.1.41.4_1,Sutrapur,Ward No-78,,,1.0,False,,0.6238980740696365,3151,5672,7878,0.08150244995904761,0.8487394957983193,0.5042016806722689,0.5104510451045103,Moderate concern
BGD.3.1.18.4_1,Kafrul,Ward No-16,DNCC,16.0,1.0,True,144310.0,0.5059841256086244,6534,11762,16337,0.0815050932021343,0.4369747899159664,0.9327731092436975,0.486079377168486,Moderate concern
BGD.3.1.41.5_1,Sutrapur,Ward No-79,,,1.0,False,,0.6150757312725638,3151,5672,7878,0.08150244995904761,0.8067226890756303,0.5042016806722689,0.48506389100448494,Moderate concern
BGD.3.1.41.3_1,Sutrapur,Ward No-77,,,1.0,False,,0.6148709062176492,3151,5672,7878,0.08150244995904761,0.7983193277310925,0.5042016806722689,0.4799864601844799,Moderate concern
BGD.3.1.26.4_1,Mirpur,Ward No-13,DNCC,13.0,1.0,True,173323.0,0.49855120113284707,7848,14127,19622,0.08150678213508883,0.40336134453781514,0.957983193277311,0.46069222306846064,Moderate concern
BGD.3.1.16.3_1,Jatrabari,Ward No-76 (Part),,,1.0,False,,0.5932511320897498,3151,5672,7878,0.08150244995904761,0.7563025210084033,0.5042016806722689,0.4545993060844545,Moderate concern
BGD.3.1.2.1_1,Badda,Badda,,,1.0,False,,0.5831066699665928,3151,5672,7878,0.08150244995904761,0.7142857142857143,0.5042016806722689,0.42921215198442914,Moderate concern
BGD.3.1.13.2_1,Gendaria,Ward No-80 (Part),,,1.0,False,,0.5816805074931526,3151,5672,7878,0.08150244995904761,0.7058823529411765,0.5042016806722689,0.4241347211644241,Moderate concern
BGD.3.1.40.2_1,Shyampur,Ward No-87,,,1.0,False,,0.5797185675186871,3151,5672,7878,0.08150244995904761,0.6974789915966386,0.5042016806722689,0.41905729034441896,Moderate concern
BGD.3.1.13.4_1,Gendaria,Ward No-82,,,1.0,False,,0.5792046894418936,3151,5672,7878,0.08150244995904761,0.6890756302521008,0.5042016806722689,0.41397985952441385,Moderate concern
BGD.3.1.25.6_1,Lalbagh,Ward No-91,,,1.0,False,,0.5685450314531377,3151,5672,7878,0.08150244995904761,0.6722689075630253,0.5042016806722689,0.40382499788440374,Moderate concern
BGD.3.1.40.1_1,Shyampur,Ward No-83,,,1.0,False,,0.5681338336283719,3151,5672,7878,0.08150244995904761,0.6638655462184874,0.5042016806722689,0.3987475670643986,Moderate concern
BGD.3.1.17.5_1,Kadamtali,Ward No-89,,,1.0,False,,0.5645719815885581,3151,5672,7878,0.08150244995904761,0.6554621848739496,0.5042016806722689,0.3936701362443936,Moderate concern
BGD.3.1.2.6_1,Badda,Ward No-21,DNCC,21.0,1.0,True,89189.0,0.5024681220517723,4038,7269,10097,0.08150108197199206,0.4117647058823529,0.7563025210084033,0.3708216975543707,Moderate concern
BGD.3.1.16.6_1,Jatrabari,Ward No-86,,,1.0,False,,0.5537653619871316,3151,5672,7878,0.08150244995904761,0.6134453781512605,0.5042016806722689,0.3682829821443682,Moderate concern
BGD.3.1.13.3_1,Gendaria,Ward No-81,,,1.0,False,,0.5530335912456655,3151,5672,7878,0.08150244995904761,0.6050420168067226,0.5042016806722689,0.36320555132436305,Moderate concern
BGD.3.1.42.3_1+BGD.3.1.43.1_1,Tejgaon,Ward No-38,DNCC,38.0,2.0,True,109541.0,0.49278916658590666,4960,8928,12401,0.08150372919728686,0.3697478991596639,0.8235294117647058,0.36252856054836247,Moderate concern
BGD.3.1.40.3_1,Shyampur,Ward No-90,,,1.0,False,,0.5460610103617555,3151,5672,7878,0.08150244995904761,0.5882352941176471,0.5042016806722689,0.353050689684353,Moderate concern
BGD.3.1.20.1_1,Kamrangir Char,Sultanganj,,,1.0,False,,0.5399561112154647,3151,5672,7878,0.08150244995904761,0.5630252100840336,0.5042016806722689,0.3378183972243377,Moderate concern
BGD.3.1.2.3_1,Badda,Bhatara,,,1.0,False,,0.5395194638688491,3151,5672,7878,0.08150244995904761,0.5546218487394958,0.5042016806722689,0.33274096640433265,Moderate concern
BGD.3.1.37.1_1,Shah Ali,Ward No-08,DNCC,8.0,1.0,True,145193.0,0.46602697320564146,6574,11834,16437,0.08150530672966327,0.29411764705882354,0.9411764705882353,0.32935601252432933,Moderate concern
BGD.3.1.25.7_1,Lalbagh,Ward No-92,,,1.0,False,,0.5338292431531773,3151,5672,7878,0.08150244995904761,0.5378151260504201,0.5042016806722689,0.3225861047643225,Moderate concern
BGD.3.1.11.1_1+BGD.3.1.27.5_1,Dhanmondi,Ward No-47,DNCC,47.0,2.0,True,94607.0,0.47776019727728236,4284,7711,10710,0.08150559683744332,0.3445378151260504,0.7815126050420168,0.32030126089532024,Moderate concern
BGD.3.1.22.3_1,Khilgaon,Ward No-24,DSCC,24.0,1.0,True,64277.0,0.6587519409029123,2910,5239,7276,0.08150660422857321,0.8991596638655462,0.2857142857142857,0.3054920876703054,Moderate concern
BGD.3.1.19.2_1+BGD.3.1.27.6_1,Kalabagan,Ward No-51,DSCC,51.0,2.0,True,70701.0,0.4910605300045026,3201,5762,8004,0.08149814005459612,0.36134453781512604,0.7058823529411765,0.30329186764830324,Moderate concern
BGD.3.1.15.3_1,Hazaribagh,Ward No-58,DSCC,58.0,1.0,True,69593.0,0.5210773340101024,3151,5672,7878,0.08150244995904761,0.5042016806722689,0.5042016806722689,0.3022763814843022,Moderate concern
BGD.3.1.16.2_1,Jatrabari,Matuail (part),,,1.0,False,,0.5145080500741663,3151,5672,7878,0.08150244995904761,0.48739495798319327,0.5042016806722689,0.2921215198442921,Moderate concern
BGD.3.1.14.3_1+BGD.3.1.42.1_1,Gulshan,Ward No-20,DNCC,20.0,2.0,True,114736.0,0.4652226099359142,5195,9352,12989,0.0815088551108632,0.2857142857142857,0.8403361344537815,0.28535161208428533,Moderate concern
BGD.3.1.4.2_1+BGD.3.1.46.1_1,Biman Bandar,Ward No-01,DNCC,1.0,2.0,True,119514.0,0.46320097152008377,5412,9741,13530,0.08150509563733119,0.2773109243697479,0.865546218487395,0.28526698823728525,Moderate concern
BGD.3.1.18.3_1+BGD.3.1.31.5_1+BGD.3.1.5.1_1,Cantonment,Ward No-15,DNCC,15.0,3.0,True,222753.0,0.4598875308168298,10087,18157,25218,0.08151180904409817,0.24369747899159663,0.9831932773109243,0.28475924515528467,Moderate concern
BGD.3.1.16.1_1,Jatrabari,Dhania(part),,,1.0,False,,0.511379166302148,3151,5672,7878,0.08150244995904761,0.47058823529411764,0.5042016806722689,0.2819666582042819,Moderate concern
BGD.3.1.9.3_1,Demra,Saralia,,,1.0,False,,0.5107010284060245,3151,5672,7878,0.08150244995904761,0.46218487394957986,0.5042016806722689,0.27688922738427685,Moderate concern
BGD.3.1.6.2_1,Chak Bazar,Ward No-64,DSCC,64.0,1.0,True,57231.0,0.7525007122479992,2591,4665,6479,0.08151176809770928,0.9831932773109243,0.23529411764705882,0.2748582550562748,Moderate concern
BGD.3.1.33.2_1,Ramna,Ward No-54,DNCC,54.0,1.0,True,70120.0,0.4751508630459885,3175,5715,7938,0.0815031374786081,0.3277310924369748,0.6974789915966386,0.27155792502327153,Moderate concern
BGD.3.1.16.4_1,Jatrabari,Ward No-84,,,1.0,False,,0.5066674529547466,3151,5672,7878,0.08150244995904761,0.44537815126050423,0.5042016806722689,0.26673436574426673,Moderate concern
BGD.3.1.3.3_1+BGD.3.1.6.5_1,Bangshal,Ward No-67,DSCC,67.0,2.0,True,55331.0,0.702858155597931,2505,4510,6264,0.08150946124234154,0.957983193277311,0.226890756302521,0.2581027333502581,Moderate concern
BGD.3.1.17.3_1,Kadamtali,Shyampur,,,1.0,False,,0.5041641844870842,3151,5672,7878,0.08150244995904761,0.42016806722689076,0.5042016806722689,0.2515020732842515,Moderate concern
BGD.3.1.34.2_1,Rampura,Ward No-23,DNCC,23.0,1.0,True,69353.0,0.5614285744875551,3140,5653,7851,0.0815105330699465,0.6470588235294118,0.31092436974789917,0.23872387238723872,Moderate concern
BGD.3.1.14.2_1,Gulshan,Ward No-19,DNCC,19.0,1.0,True,121287.0,0.4482840871285881,5492,9886,13731,0.08150914772399351,0.226890756302521,0.8823529411764706,0.23753913852923753,Moderate concern
BGD.3.1.19.1_1,Kalabagan,Ward No-50,DSCC,50.0,1.0,True,52971.0,0.6733517694394856,2398,4317,5996,0.08149742311831001,0.9327731092436975,0.21008403361344538,0.23246170770923244,Moderate concern
BGD.3.1.8.1_1,Darus Salam,Ward No-09,DNCC,9.0,1.0,True,76440.0,0.46113038640403115,3461,6230,8653,0.0815018315018315,0.2605042016806723,0.7310924369747899,0.22586104764322584,Low concern
BGD.3.1.25.1_1+BGD.3.1.38.1_1,Lalbagh,Ward No-56,DSCC,56.0,2.0,True,138844.0,0.436763861795232,6287,11317,15718,0.0815087436259399,0.20168067226890757,0.9159663865546218,0.21900651603621898,Low concern
BGD.3.1.24.1_1+BGD.3.1.3.4_1,Bangshal,Ward No-68,DSCC,68.0,2.0,True,48338.0,0.6333708264807429,2188,3940,5472,0.08150937150895776,0.8739495798319328,0.18487394957983194,0.19124989422019123,Low concern
BGD.3.1.41.1_1,Sutrapur,Ward No-74,DSCC,74.0,1.0,True,64090.0,0.5400168094183295,2902,5224,7255,0.0815103760337026,0.5714285714285714,0.2773109243697479,0.18752644495218748,Low concern
BGD.3.1.9.2_1,Demra,Matuail (part),,,1.0,False,,0.4731739224259849,3151,5672,7878,0.08150244995904761,0.3025210084033613,0.5042016806722689,0.18041804180418036,Low concern
BGD.3.1.18.1_1,Kafrul,Ward No-04,DNCC,4.0,1.0,True,95090.0,0.4154348206974306,4306,7750,10765,0.08150173519823325,0.18487394957983194,0.7899159663865546,0.17263264788017263,Low concern
BGD.3.1.33.1_1,Ramna,Ward No-53,DSCC,53.0,1.0,True,65763.0,0.5076058879221517,2978,5360,7445,0.08150479753052628,0.453781512605042,0.3025210084033613,0.1621392908521621,Low concern
BGD.3.1.11.2_1+BGD.3.1.15.2_1,Dhanmondi,Ward No-48,DSCC,48.0,2.0,True,63031.0,0.5221417611103931,2854,5137,7135,0.08149957957195665,0.5210084033613446,0.2605042016806723,0.16027756621816028,Low concern
BGD.3.1.7.1_1,Dakshinkhan,Dakshinkhan (Part),,,1.0,False,,0.46151907428569916,3151,5672,7878,0.08150244995904761,0.2689075630252101,0.5042016806722689,0.16010831852416008,Low concern
BGD.3.1.28.4_1,Motijheel,Ward No-34,DSCC,34.0,1.0,True,44877.0,0.6043272045385819,2032,3658,5080,0.08151168750139269,0.7815126050420168,0.16806722689075632,0.15503088770415502,Low concern
BGD.3.1.17.2_1,Kadamtali,Matuail (part),,,1.0,False,,0.46071885161683956,3151,5672,7878,0.08150244995904761,0.25210084033613445,0.5042016806722689,0.14995345688414993,Low concern
BGD.3.1.8.2_1,Darus Salam,Ward No-10,DNCC,10.0,1.0,True,92956.0,0.40468450661112865,4209,7577,10523,0.08151168294677051,0.15966386554621848,0.773109243697479,0.14555301684014554,Low concern
BGD.3.1.27.3_1,Mohammadpur,Ward No-45,DNCC,45.0,1.0,True,50260.0,0.5611903920069886,2275,4096,5689,0.08149621965777955,0.6386554621848739,0.19327731092436976,0.14555301684014554,Low concern
BGD.3.1.39.1_1+BGD.3.1.43.3_1,Sher-e-bangla Nagar,Ward No-40,DNCC,40.0,2.0,True,110045.0,0.3954056968913886,4983,8969,12458,0.08150302149120814,0.14285714285714285,0.8319327731092437,0.14005246678514002,Low concern
BGD.3.1.24.4_1,Kotwali,Ward No-73,DSCC,73.0,1.0,True,46137.0,0.5565129616907981,2089,3760,5223,0.0814964128573596,0.6218487394957983,0.17647058823529413,0.12913599052212912,Low concern
BGD.3.1.2.5_1+BGD.3.1.23.3_1,Badda,Ward No-17,DNCC,17.0,2.0,True,282695.0,0.3723335377469258,12801,23043,32004,0.08151187675763633,0.1092436974789916,1.0,0.12854362359312854,Low concern
BGD.3.1.11.3_1,Dhanmondi,Ward No-49,DSCC,49.0,1.0,True,61292.0,0.5053638674657468,2775,4996,6938,0.08151145337074986,0.42857142857142855,0.25210084033613445,0.1271050181941271,Low concern
BGD.3.1.31.2_1,Pallabi,Ward No-03,DNCC,3.0,1.0,True,104226.0,0.3857070885286083,4719,8495,11799,0.08150557442480763,0.12605042016806722,0.8067226890756303,0.11948887196411948,Low concern
BGD.3.1.39.2_1,Sher-e-bangla Nagar,Ward No-41,DNCC,41.0,1.0,True,38608.0,0.5924295545607835,1748,3147,4370,0.08151160381268131,0.7394957983193278,0.13445378151260504,0.11678090886011677,Low concern
BGD.3.1.22.1_1,Khilgaon,Dakshingaon (Part),,,1.0,False,,0.4216132724388497,3151,5672,7878,0.08150244995904761,0.19327731092436976,0.5042016806722689,0.1144114411441144,Low concern
BGD.3.1.28.2_1,Motijheel,Ward No-32,DSCC,32.0,1.0,True,32307.0,0.6169500800887215,1463,2633,3657,0.08149936546259325,0.8235294117647058,0.11764705882352941,0.11373445036811372,Low concern
BGD.3.1.27.2_1,Mohammadpur,Ward No-44,DNCC,44.0,1.0,True,31861.0,0.6302331385737522,1442,2597,3607,0.08151031041084712,0.8571428571428571,0.1092436974789916,0.10984175340610983,Low concern
BGD.3.1.22.4_1,Khilgaon,Ward No-25,DSCC,25.0,1.0,True,31420.0,0.6731967564146315,1422,2561,3557,0.08150859325270528,0.9243697478991597,0.10084033613445378,0.10933401032410935,Low concern
BGD.3.1.4.1_1,Biman Bandar,Dakshinkhan (part),,,1.0,False,,0.4100489416133243,3151,5672,7878,0.08150244995904761,0.17647058823529413,0.5042016806722689,0.10425657950410426,Low concern
BGD.3.1.35.5_1,Sabujbagh,Ward No-29,DSCC,29.0,1.0,True,55010.0,0.4979100631703839,2491,4483,6227,0.08149427376840575,0.3949579831932773,0.2184873949579832,0.10104087331810102,Low concern
BGD.3.1.14.1_1,Gulshan,Ward No-18,DNCC,18.0,1.0,True,63095.0,0.4733873741672058,2857,5142,7143,0.08149615658927015,0.31932773109243695,0.2689075630252101,0.10053313023610051,Low concern
BGD.3.1.35.2_1,Sabujbagh,Manda,,,1.0,False,,0.40988921609142104,3151,5672,7878,0.08150244995904761,0.16806722689075632,0.5042016806722689,0.09917914868409917,Low concern
BGD.3.1.30.1_1,New Market,Ward No-52,DSCC,52.0,1.0,True,41955.0,0.5402890356796525,1899,3419,4749,0.08149207484209271,0.5798319327731093,0.14285714285714285,0.0968943048150969,Low concern
BGD.3.1.31.1_1,Pallabi,Ward No-02,DNCC,2.0,1.0,True,208062.0,0.35391865766443353,9421,16959,23554,0.08150935778758255,0.08403361344537816,0.9747899159663865,0.0957941948040958,Low concern
BGD.3.1.16.5_1,Jatrabari,Ward No-85,,,1.0,False,,0.39692869686674465,3151,5672,7878,0.08150244995904761,0.15126050420168066,0.5042016806722689,0.089024287044089,Low concern
BGD.3.1.25.2_1,Lalbagh,Ward No-59,DSCC,59.0,1.0,True,57413.0,0.4731959698611926,2599,4679,6499,0.08149722188354554,0.31092436974789917,0.24369747899159663,0.08843192011508842,Low concern
BGD.3.1.22.5_1,Khilgaon,Ward No-26,DSCC,26.0,1.0,True,43318.0,0.5159901354605423,1961,3530,4904,0.08149037351678286,0.4957983193277311,0.15126050420168066,0.08750105779808749,Low concern
BGD.3.1.24.2_1+BGD.3.1.3.7_1,Bangshal,Ward No-71,DSCC,71.0,2.0,True,52773.0,0.48470230853062224,2389,4301,5974,0.0815000094745419,0.35294117647058826,0.20168067226890757,0.08293137006008293,Low concern
BGD.3.1.5.2_1,Cantonment,Ward No-98 (Rest. Area),,,1.0,False,,0.38892052283120204,3151,5672,7878,0.08150244995904761,0.13445378151260504,0.5042016806722689,0.07886942540407885,Low concern
BGD.3.1.28.3_1,Motijheel,Ward No-33,DSCC,33.0,1.0,True,64566.0,0.44672207832930616,2923,5262,7309,0.08149800204441966,0.21008403361344538,0.29411764705882354,0.07167639840907167,Low concern
BGD.3.1.32.1_1,Paltan,Ward No-36,DSCC,36.0,1.0,True,25734.0,0.6166203801924324,1165,2097,2913,0.08148752622989042,0.8151260504201681,0.07563025210084033,0.0715071507150715,Low concern
BGD.3.1.28.5_1,Motijheel,Ward No-35,DSCC,35.0,1.0,True,25440.0,0.6647978203388647,1152,2073,2880,0.08148584905660378,0.9159663865546218,0.06722689075630252,0.0714225268680714,Low concern
BGD.3.1.24.3_1,Kotwali,Ward No-72,DSCC,72.0,1.0,True,27574.0,0.583200042413198,1248,2247,3121,0.08148980924058896,0.7226890756302521,0.08403361344537816,0.0704070407040704,Low concern
BGD.3.1.17.1_1,Kadamtali,Dhania(part),,,1.0,False,,0.3848205771731025,3151,5672,7878,0.08150244995904761,0.11764705882352941,0.5042016806722689,0.0687145637640687,Low concern
BGD.3.1.3.6_1,Bangshal,Ward No-70,DSCC,70.0,1.0,True,22417.0,0.8160262084461476,1015,1827,2537,0.0815006468305304,1.0,0.058823529411764705,0.06812219683506811,Low concern
BGD.3.1.1.2_1+BGD.3.1.15.1_1+BGD.3.1.27.4_1,Hazaribagh,Ward No-46,DNCC,46.0,3.0,True,44028.0,0.47628974636505583,1993,3588,4984,0.08149359498500953,0.33613445378151263,0.15966386554621848,0.06194465600406194,Low concern
BGD.3.1.35.1_1,Sabujbagh,Dakshingaon (Part),,,1.0,False,,0.3678817830670045,3151,5672,7878,0.08150244995904761,0.10084033613445378,0.5042016806722689,0.058559702124058546,Low concern
BGD.3.1.17.4_1,Kadamtali,Ward No-88,,,1.0,False,,0.36655055152193095,3151,5672,7878,0.08150244995904761,0.09243697478991597,0.5042016806722689,0.053482271304053475,Low concern
BGD.3.1.35.4_1,Sabujbagh,Ward No-28,DSCC,28.0,1.0,True,20291.0,0.6010213409209991,918,1653,2297,0.08146468877827609,0.773109243697479,0.05042016806722689,0.04434289582804434,Low concern
BGD.3.1.45.1_1,Uttar Khan,Uttar Khan,,,1.0,False,,0.35090500831694954,3151,5672,7878,0.08150244995904761,0.07563025210084033,0.5042016806722689,0.04332740966404331,Low concern
BGD.3.1.35.3_1,Sabujbagh,Ward No-27,DSCC,27.0,1.0,True,29572.0,0.497014308171145,1339,2410,3347,0.08149600973894225,0.37815126050420167,0.09243697478991597,0.03951933654903951,Low concern
BGD.3.1.44.1_1,Turag,Harirampur (Part),,,1.0,False,,0.34195526687883626,3151,5672,7878,0.08150244995904761,0.06722689075630252,0.5042016806722689,0.03824997884403824,Low concern
BGD.3.1.3.5_1,Bangshal,Ward No-69,DSCC,69.0,1.0,True,20157.0,0.7548211223124431,912,1643,2281,0.08151014535893238,0.9915966386554622,0.03361344537815126,0.03757298806803757,Low concern
BGD.3.1.23.1_1,Khilkhet,Dakshinkhan (part),,,1.0,False,,0.3050596290478827,3151,5672,7878,0.08150244995904761,0.058823529411764705,0.5042016806722689,0.03317254802403317,Low concern
BGD.3.1.41.2_1,Sutrapur,Ward No-75,DSCC,75.0,1.0,True,34200.0,0.44789053490809794,1548,2787,3871,0.08149122807017543,0.2184873949579832,0.12605042016806722,0.030633832614030628,Low concern
BGD.3.1.23.2_1,Khilkhet,Dumni,,,1.0,False,,0.3050498161070526,3151,5672,7878,0.08150244995904761,0.05042016806722689,0.5042016806722689,0.028095117204028092,Low concern
BGD.3.1.2.4_1,Badda,Satarkul,,,1.0,False,,0.30035563880332855,3151,5672,7878,0.08150244995904761,0.04201680672268908,0.5042016806722689,0.023017686384023017,Low concern
BGD.3.1.27.1_1,Mohammadpur,Ward No-42,DNCC,42.0,1.0,True,19674.0,0.5926497262128094,890,1603,2227,0.08147809291450646,0.7478991596638656,0.025210084033613446,0.020225099433020227,Low concern
BGD.3.1.2.2_1,Badda,Beraid,,,1.0,False,,0.28785208191975686,3151,5672,7878,0.08150244995904761,0.03361344537815126,0.5042016806722689,0.017940255564017935,Low concern
BGD.3.1.28.1_1,Motijheel,Ward No-31,DSCC,31.0,1.0,True,20255.0,0.4977040019542067,917,1651,2293,0.08151073808936066,0.3865546218487395,0.04201680672268908,0.017094017094017096,Low concern
BGD.3.1.1.1_1,Adabor,Ward No-43,DNCC,43.0,1.0,True,19337.0,0.6883185731141644,875,1576,2189,0.08150178414438641,0.9495798319327731,0.01680672268907563,0.016755521706016754,Low concern
BGD.3.1.9.1_1,Demra,Demra (part),,,1.0,False,,0.2875345304459257,3151,5672,7878,0.08150244995904761,0.025210084033613446,0.5042016806722689,0.01286282474401286,Low concern
BGD.3.1.22.2_1,Khilgaon,Nasirabad,,,1.0,False,,0.2850656480115719,3151,5672,7878,0.08150244995904761,0.01680672268907563,0.5042016806722689,0.007785393924007783,Low concern
BGD.3.1.4.3_1,Biman Bandar,Ward No-98 (rest. Area),,,1.0,False,,0.27781775183991,3151,5672,7878,0.08150244995904761,0.008403361344537815,0.5042016806722689,0.002707963104002707,Low concern
BGD.3.1.35.6_1,Sabujbagh,Ward No-30,DSCC,30.0,1.0,True,15921.0,0.4555109368886675,720,1297,1802,0.0814647321148169,0.23529411764705882,0.008403361344537815,0.0,Low concern
