GID_4,NAME_2,NAME_3,NAME_4,pop,builtup,flood,pop_norm,builtup_norm,flood_norm,ASI,stress_tier,hh_total_x,pop_total_x,hh_size_x,elec_coverage_x,hh_size_norm,ASI_updated,city_corp,pop_total_y,hh_total_y,hh_size_y,elec_coverage_y,pop_total,hh_total,hh_size,elec_coverage,pop_share,arrivals_low,arrivals_central,arrivals_high,load_ratio_central,asi_rank,arrival_rank,crisis_index,crisis_tier
BGD.3.1.1.1_1,Dhaka,Adabor,Ward No-43,806.0263661168439,0.4292119386503067,0.8979591836734694,0.4178714159645864,0.8018869631674616,0.8979591836734694,0.6722987994128135,High stress,8676.0,37548.0,4.22,99.93,0.8376068376068373,0.693839940635532,DNCC,19337.0,4738.0,4.05,99.89,19337.0,4738.0,4.05,99.89,0.0014717594501006796,626,1128,1566,0.058333764286083674,0.9565217391304348,0.019021739130434784,0.022627093740816926,Low concern
BGD.3.1.1.1_1,Dhaka,Adabor,Ward No-43,806.0263661168439,0.4292119386503067,0.8979591836734694,0.4178714159645864,0.8018869631674616,0.8979591836734694,0.6722987994128135,High stress,4738.0,19337.0,4.05,99.89,0.6923076923076921,0.6647801115757029,DNCC,19337.0,4738.0,4.05,99.89,19337.0,4738.0,4.05,99.89,0.0014717594501006796,626,1128,1566,0.058333764286083674,0.9347826086956522,0.019021739130434784,0.02211284161034382,Low concern
BGD.3.1.1.2_1,Dhaka,Adabor,Ward No-46,903.248519444808,0.3969784688995215,0.7169811320754718,0.4684624392639367,0.7416659002303788,0.7169811320754718,0.6262133238050752,Moderate stress,10586.0,43510.0,3.82,99.95,0.4957264957264954,0.591919854360366,DNCC,44028.0,12043.0,3.62,99.83,44028.0,12043.0,3.62,99.83,0.003351017483013535,1426,2568,3567,0.0583265194875988,0.782608695652174,0.1875,0.18248604172788718,Low concern
BGD.3.1.1.2_1,Dhaka,Adabor,Ward No-46,903.248519444808,0.3969784688995215,0.7169811320754718,0.4684624392639367,0.7416659002303788,0.7169811320754718,0.6262133238050752,Moderate stress,12043.0,44028.0,3.62,99.83,0.3247863247863247,0.5577318201723318,DNCC,44028.0,12043.0,3.62,99.83,44028.0,12043.0,3.62,99.83,0.003351017483013535,1426,2568,3567,0.0583265194875988,0.6304347826086957,0.1875,0.14700264472524244,Low concern
BGD.3.1.2.1_1,Dhaka,Badda,Badda,731.0169301068607,0.341654255248692,0.8326572008113592,0.3788391173067795,0.6383049224029747,0.8326572008113592,0.5831066699665928,Moderate stress,,,,,,0.5831066699665928,DNCC,,,,,64277.0,,,,0.004892190214310461,2083,3749,5208,0.058325684148295656,0.75,0.5027173913043478,0.46888774610637673,Moderate concern
BGD.3.1.2.2_1,Dhaka,Badda,Beraid,107.2789983526918,0.0344890315960796,0.9743710322125556,0.0542676162866782,0.0644350781484189,0.9743710322125556,0.2878520819197568,Low stress,,,,,,0.2878520819197568,DNCC,,,,,64277.0,,,,0.004892190214310461,2083,3749,5208,0.058325684148295656,0.021739130434782608,0.5027173913043478,0.013590949162503672,Low concern
BGD.3.1.2.3_1,Dhaka,Badda,Bhatara,689.6443995683449,0.2525293779938011,0.9258684863523576,0.3573102930133445,0.4717949287869196,0.9258684863523576,0.539519463868849,Moderate stress,,,,,,0.539519463868849,DNCC,,,,,64277.0,,,,0.004892190214310461,2083,3749,5208,0.058325684148295656,0.532608695652174,0.5027173913043478,0.33297825448134,Moderate concern
BGD.3.1.2.4_1,Dhaka,Badda,Satarkul,180.89735914441152,0.0332525420133405,0.9663259170174388,0.0925760478383852,0.0621249726103278,0.9663259170174388,0.3003556388033285,Low stress,,,,,,0.3003556388033285,DNCC,,,,,64277.0,,,,0.004892190214310461,2083,3749,5208,0.058325684148295656,0.02717391304347826,0.5027173913043478,0.01698868645312959,Low concern
BGD.3.1.2.5_1,Dhaka,Badda,Ward No-17 (Part),363.9541883276231,0.3907141165882026,0.2444889779559118,0.1878324476742577,0.729962352405193,0.2444889779559118,0.3917420469004986,Moderate stress,,,,,,0.3917420469004986,DNCC,,,,,64277.0,,,,0.004892190214310461,2083,3749,5208,0.058325684148295656,0.11413043478260869,0.5027173913043478,0.07135248310314428,Low concern
BGD.3.1.2.6_1,Dhaka,Badda,Ward No-21,416.2970172557662,0.3386625613629801,0.9950738916256158,0.2150698332619304,0.6327156083398944,0.9950738916256158,0.5562468691301391,Moderate stress,4416.0,35218.0,4.41,100.0,1.0,0.6324681220517724,DNCC,89189.0,25251.0,3.59,99.9,89189.0,25251.0,3.59,99.9,0.006788268790144775,2890,5203,7226,0.0583367904113736,0.875,0.8016304347826086,0.8723001763150161,High concern
BGD.3.1.2.6_1,Dhaka,Badda,Ward No-21,416.2970172557662,0.3386625613629801,0.9950738916256158,0.2150698332619304,0.6327156083398944,0.9950738916256158,0.5562468691301391,Moderate stress,25251.0,89189.0,3.59,99.9,0.2991452991452988,0.4922971818808321,DNCC,89189.0,25251.0,3.59,99.9,89189.0,25251.0,3.59,99.9,0.006788268790144775,2890,5203,7226,0.0583367904113736,0.358695652173913,0.8016304347826086,0.35758889215398176,Moderate concern
BGD.3.1.3.1_1,Dhaka,Bangshal,Ward No-63 (Part),1198.7332164898794,0.4750379403794037,0.6670908111974161,0.6222223867769375,0.8875026463570004,0.6670908111974161,0.7262875837350791,High stress,,,,,,0.7262875837350791,DSCC,,,,,64277.0,,,,0.004892190214310461,2083,3749,5208,0.058325684148295656,0.9782608695652174,0.5027173913043478,0.6115927123126653,Moderate concern
BGD.3.1.3.2_1,Dhaka,Bangshal,Ward No-66 (Part),716.2814121997264,0.3017220472440945,1.0,0.3711712668812387,0.5637004808068924,1.0,0.5957636750349078,Moderate stress,,,,,,0.5957636750349078,DSCC,,,,,64277.0,,,,0.004892190214310461,2083,3749,5208,0.058325684148295656,0.7989130434782609,0.5027173913043478,0.49946738172200994,Moderate concern
BGD.3.1.3.3_1,Dhaka,Bangshal,Ward No-67 (part),1040.3577946368312,0.4958383507853403,0.6670908111974161,0.5398093319047267,0.9263635829504784,0.6670908111974161,0.7069236895939122,High stress,,,,,,0.7069236895939122,DSCC,,,,,64277.0,,,,0.004892190214310461,2083,3749,5208,0.058325684148295656,0.967391304347826,0.5027173913043478,0.6047972377314134,Moderate concern
BGD.3.1.3.4_1,Dhaka,Bangshal,Ward No-68 (part),1148.910685536293,0.4928049535603714,0.0,0.5962964764980042,0.9206963554813172,0.0,0.5607623150176627,Moderate stress,,,,,,0.5607623150176627,DSCC,,,,,64277.0,,,,0.004892190214310461,2083,3749,5208,0.058325684148295656,0.6413043478260869,0.5027173913043478,0.4009330002938583,Moderate concern
BGD.3.1.3.5_1,Dhaka,Bangshal,Ward No-69,1526.113882512792,0.535252421307506,0.6670908111974161,0.7925798859227429,1.0,0.6670908111974161,0.8338046571684512,High stress,5457.0,20157.0,3.71,99.9,0.4017094017094015,0.7411630026543234,DSCC,20157.0,5457.0,3.71,99.9,20157.0,5457.0,3.71,99.9,0.001534170514334147,653,1175,1633,0.05829240462370392,0.9945652173913043,0.03804347826086957,0.04705406993828975,Low concern
BGD.3.1.3.6_1,Dhaka,Bangshal,Ward No-70,1924.7187894505385,0.3866835761589404,0.6670908111974161,1.0,0.7224321848266579,0.6670908111974161,0.8196239674886843,High stress,5344.0,22417.0,4.0,99.67,0.6495726495726495,0.7939407383606776,DSCC,22417.0,5344.0,4.0,99.67,22417.0,5344.0,4.0,99.67,0.0017061814962458983,726,1307,1816,0.05830396574028639,1.0,0.06521739130434782,0.08110490743461651,Low concern
BGD.3.1.3.7_1,Dhaka,Bangshal,Ward No-71 (Part),1245.8289369491977,0.4350477006311993,0.0,0.646729359822676,0.812789785366074,0.0,0.5431681688071963,Moderate stress,,,,,,0.5431681688071963,DSCC,,,,,64277.0,,,,0.004892190214310461,2083,3749,5208,0.058325684148295656,0.5597826086956522,0.5027173913043478,0.34996694093446956,Moderate concern
BGD.3.1.4.1_1,Dhaka,Biman Bandar,Dakshinkhan (part),107.3020732241385,0.2767266159338595,0.8295454545454545,0.054279623646308,0.5170020814812498,0.8295454545454545,0.4100489416133243,Moderate stress,,,,,,0.4100489416133243,DNCC,,,,,64277.0,,,,0.004892190214310461,2083,3749,5208,0.058325684148295656,0.15760869565217392,0.5027173913043478,0.09853438142815163,Low concern
BGD.3.1.4.2_1,Dhaka,Biman Bandar,Ward No-01,12.651576531116785,0.3899066153846154,0.6666666666666666,0.0050268009142442,0.7284537161591119,0.6666666666666666,0.4236361876880535,Moderate stress,17949.0,70477.0,3.86,99.67,0.5299145299145297,0.4231890486760027,DNCC,119514.0,33980.0,3.44,99.87,119514.0,33980.0,3.44,99.87,0.009096336500973917,3873,6972,9683,0.058336261860535164,0.18478260869565216,0.8885869565217391,0.20419482809285924,Low concern
BGD.3.1.4.2_1,Dhaka,Biman Bandar,Ward No-01,12.651576531116785,0.3899066153846154,0.6666666666666666,0.0050268009142442,0.7284537161591119,0.6666666666666666,0.4236361876880535,Moderate stress,33980.0,119514.0,3.44,99.87,0.1709401709401707,0.3513941768811309,DNCC,119514.0,33980.0,3.44,99.87,119514.0,33980.0,3.44,99.87,0.009096336500973917,3873,6972,9683,0.058336261860535164,0.06521739130434782,0.8885869565217391,0.07206876285630326,Low concern
BGD.3.1.4.3_1,Dhaka,Biman Bandar,Ward No-98 (rest. Area),5.266141739996264,0.0692077228364313,0.928358208955224,0.0011836778110868,0.1292992242190549,0.928358208955224,0.27781775183991,Low stress,,,,,,0.27781775183991,DNCC,,,,,64277.0,,,,0.004892190214310461,2083,3749,5208,0.058325684148295656,0.005434782608695652,0.5027173913043478,0.003397737290625918,Low concern
BGD.3.1.5.1_1,Dhaka,Cantonment,Ward No-15 (part),157.95976595412804,0.1968950301715369,0.978846153846154,0.0806401230332012,0.3678545342972291,0.978846153846154,0.4057166746788492,Moderate stress,,,,,,0.4057166746788492,DNCC,,,,,64277.0,,,,0.004892190214310461,2083,3749,5208,0.058325684148295656,0.14130434782608695,0.5027173913043478,0.08834116955627386,Low concern
BGD.3.1.5.2_1,Dhaka,Cantonment,Ward No-98 (Rest. Area),203.4217511856937,0.1623314492075558,0.9642147117296224,0.1042969571533658,0.3032801772498574,0.9642147117296224,0.388920522831202,Moderate stress,,,,,,0.388920522831202,DNCC,,,,,64277.0,,,,0.004892190214310461,2083,3749,5208,0.058325684148295656,0.10326086956521739,0.5027173913043478,0.06455700852189244,Low concern
BGD.3.1.6.1_1,Dhaka,Chak Bazar,Ward No-63 (Part),1314.6183714124893,0.3601379861111111,0.6670908111974161,0.6825249862571352,0.6728376589710174,0.6670908111974161,0.6752758779420642,High stress,,,,,,0.6752758779420642,DSCC,,,,,64277.0,,,,0.004892190214310461,2083,3749,5208,0.058325684148295656,0.9456521739130435,0.5027173913043478,0.5912062885689098,Moderate concern
BGD.3.1.6.2_1,Dhaka,Chak Bazar,Ward No-64,1511.6390456854128,0.4460062745098039,0.6670908111974161,0.7850476848541454,0.8332634412382608,0.6670908111974161,0.7724339811744034,High stress,14610.0,57231.0,3.92,99.9,0.581196581196581,0.7327400284873156,DSCC,57231.0,14610.0,3.92,99.9,57231.0,14610.0,3.92,99.9,0.004355911728226302,1854,3338,4637,0.05832503363561706,0.9891304347826086,0.25,0.30752277402292094,Low concern
BGD.3.1.6.3_1,Dhaka,Chak Bazar,Ward No-65,687.4464124435757,0.4083803534730784,0.9866666666666668,0.3561665370479139,0.7629677834534468,0.9866666666666668,0.6561720056945386,Moderate stress,29687.0,119917.0,3.99,99.95,0.6410256410256411,0.6409386953685932,DSCC,119917.0,29687.0,3.99,99.95,119917.0,29687.0,3.99,99.95,0.009127009255713048,3886,6995,9716,0.05833201297564149,0.8913043478260869,0.9021739130434783,1.0,High concern
BGD.3.1.6.4_1,Dhaka,Chak Bazar,Ward No-66 (Part),661.5951619395747,0.3640249134948097,1.0,0.3427144464307327,0.680099517542724,1.0,0.6251206097122465,Moderate stress,,,,,,0.6251206097122465,DSCC,,,,,64277.0,,,,0.004892190214310461,2083,3749,5208,0.058325684148295656,0.8641304347826086,0.5027173913043478,0.540240229209521,Moderate concern
BGD.3.1.6.5_1,Dhaka,Chak Bazar,Ward No-67 (Part),1167.3173192703707,0.4081622432859401,0.6670908111974161,0.605874647770986,0.7625602931209314,0.6670908111974161,0.6760186645000743,High stress,,,,,,0.6760186645000743,DSCC,,,,,64277.0,,,,0.004892190214310461,2083,3749,5208,0.058325684148295656,0.9510869565217391,0.5027173913043478,0.5946040258595356,Moderate concern
BGD.3.1.7.1_1,Dhaka,Dakshinkhan,Dakshinkhan (Part),235.6195920400544,0.3007861800378327,0.8656609195402302,0.1210515923994791,0.5619520212595713,0.8656609195402302,0.4615190742856991,Moderate stress,,,,,,0.4615190742856991,DNCC,,,,,64277.0,,,,0.004892190214310461,2083,3749,5208,0.058325684148295656,0.2608695652173913,0.5027173913043478,0.16309138995004405,Low concern
BGD.3.1.8.1_1,Dhaka,Darus Salam,Ward No-09,267.47564556136905,0.222318845184617,0.9456106870229009,0.1376283734185704,0.4153532732118055,0.9456106870229009,0.4368276667472853,Moderate stress,8505.0,30294.0,3.77,99.84,0.4529914529914528,0.4317286770023217,DNCC,76440.0,19498.0,3.84,99.97,76440.0,19498.0,3.84,99.97,0.005817928963422246,2477,4459,6193,0.058333333333333334,0.1956521739130435,0.7853260869565217,0.19108139876579489,Low concern
BGD.3.1.8.1_1,Dhaka,Darus Salam,Ward No-09,267.47564556136905,0.222318845184617,0.9456106870229009,0.1376283734185704,0.4153532732118055,0.9456106870229009,0.4368276667472853,Moderate stress,19498.0,76440.0,3.84,99.97,0.5128205128205126,0.4436944889681337,DNCC,76440.0,19498.0,3.84,99.97,76440.0,19498.0,3.84,99.97,0.005817928963422246,2477,4459,6193,0.058333333333333334,0.21739130434782608,0.7853260869565217,0.21231266529532766,Low concern
BGD.3.1.8.2_1,Dhaka,Darus Salam,Ward No-10,322.6992011995866,0.2332555245603395,0.9675516224188792,0.1663647888787538,0.4357860240791562,0.9675516224188792,0.460958929583926,Moderate stress,4865.0,20428.0,4.13,99.85,0.7606837606837604,0.5128212587478809,DNCC,92956.0,27309.0,3.46,99.94,92956.0,27309.0,3.46,99.94,0.007074979130349009,3012,5422,7531,0.05832867162958819,0.43478260869565216,0.8179347826086957,0.4422568322068763,Moderate concern
BGD.3.1.8.2_1,Dhaka,Darus Salam,Ward No-10,322.6992011995866,0.2332555245603395,0.9675516224188792,0.1663647888787538,0.4357860240791562,0.9675516224188792,0.460958929583926,Moderate stress,27309.0,92956.0,3.46,99.94,0.1880341880341878,0.3982913442179663,DNCC,92956.0,27309.0,3.46,99.94,92956.0,27309.0,3.46,99.94,0.007074979130349009,3012,5422,7531,0.05832867162958819,0.13043478260869565,0.8179347826086957,0.1326770496620629,Low concern
BGD.3.1.9.1_1,Dhaka,Demra,Demra (part),75.37205927517574,0.074685176417735,0.8945294741627521,0.0376643561959837,0.1395326269338404,0.8945294741627521,0.2875345304459257,Low stress,,,,,,0.2875345304459257,DSCC,,,,,64277.0,,,,0.004892190214310461,2083,3749,5208,0.058325684148295656,0.016304347826086956,0.5027173913043478,0.010193211871877753,Low concern
BGD.3.1.9.2_1,Dhaka,Demra,Matuail (part),415.9988607301258,0.2906475360990143,0.7886178861788619,0.2149146829878499,0.5430102219603699,0.7886178861788619,0.4731739224259849,Moderate stress,,,,,,0.4731739224259849,DSCC,,,,,64277.0,,,,0.004892190214310461,2083,3749,5208,0.058325684148295656,0.30978260869565216,0.5027173913043478,0.1936710255656773,Low concern
BGD.3.1.9.3_1,Dhaka,Demra,Saralia,292.1834401498169,0.3104846048478349,0.9899274778404512,0.1504854493926343,0.5800713691110225,0.9899274778404512,0.5107010284060244,Moderate stress,,,,,,0.5107010284060244,DSCC,,,,,64277.0,,,,0.004892190214310461,2083,3749,5208,0.058325684148295656,0.41847826086956524,0.5027173913043478,0.2616257713781957,Low concern
BGD.3.1.11.1_1,Dhaka,Dhanmondi,Ward No-47 (Part),615.4775744279224,0.4229566406249998,0.6670908111974161,0.318716459712198,0.7902003312601709,0.6670908111974161,0.5708294026252929,Moderate stress,,,,,,0.5708294026252929,DNCC,,,,,64277.0,,,,0.004892190214310461,2083,3749,5208,0.058325684148295656,0.6793478260869565,0.5027173913043478,0.4247171613282398,Moderate concern
BGD.3.1.11.2_1,Dhaka,Dhanmondi,Ward No-48 (Part),547.3589272692655,0.4484525443110347,0.9411764705882352,0.2832698876341384,0.837833751812952,0.9411764705882352,0.6418438858352473,Moderate stress,,,,,,0.6418438858352473,DSCC,,,,,64277.0,,,,0.004892190214310461,2083,3749,5208,0.058325684148295656,0.8967391304347826,0.5027173913043478,0.5606266529532765,Moderate concern
BGD.3.1.11.3_1,Dhaka,Dhanmondi,Ward No-49,552.4880544963975,0.3795694374475231,1.0,0.2859389068460234,0.7091410002785544,1.0,0.6125749128359035,Moderate stress,17854.0,61292.0,3.38,99.94,0.1196581196581193,0.5012954913973707,DSCC,61292.0,17854.0,3.38,99.94,61292.0,17854.0,3.38,99.94,0.004664998718289851,1986,3575,4966,0.05832735104091888,0.375,0.26358695652173914,0.12292462533059066,Low concern
BGD.3.1.11.3_1,Dhaka,Dhanmondi,Ward No-49,552.4880544963975,0.3795694374475231,1.0,0.2859389068460234,0.7091410002785544,1.0,0.6125749128359035,Moderate stress,28052.0,107370.0,3.81,99.95,0.487179487179487,0.5747997649016443,DSCC,61292.0,17854.0,3.38,99.94,61292.0,17854.0,3.38,99.94,0.004664998718289851,1986,3575,4966,0.05832735104091888,0.6956521739130435,0.26358695652173914,0.22803408756979138,Low concern
BGD.3.1.13.1_1,Dhaka,Gendaria,Ward No-76 (Part),732.8796830047482,0.3576103368712505,1.0,0.3798084290534558,0.6681153090306171,1.0,0.6357637297820984,Moderate stress,,,,,,0.6357637297820984,DSCC,,,,,64277.0,,,,0.004892190214310461,2083,3749,5208,0.058325684148295656,0.8804347826086957,0.5027173913043478,0.5504334410813988,Moderate concern
BGD.3.1.13.2_1,Dhaka,Gendaria,Ward No-80 (Part),699.7464627352628,0.2854481060606061,1.0,0.3625670549297878,0.5332962443463928,1.0,0.5816805074931526,Moderate stress,,,,,,0.5816805074931526,DSCC,,,,,64277.0,,,,0.004892190214310461,2083,3749,5208,0.058325684148295656,0.7445652173913043,0.5027173913043478,0.46549000881575076,Moderate concern
BGD.3.1.13.3_1,Dhaka,Gendaria,Ward No-81,524.0318367739758,0.4250124623493976,0.6666666666666666,0.271131281993794,0.794041176518518,0.6666666666666666,0.5530335912456655,Moderate stress,,,,,,0.5530335912456655,DSCC,,,,,64277.0,,,,0.004892190214310461,2083,3749,5208,0.058325684148295656,0.6032608695652174,0.5027173913043478,0.3771488392594769,Moderate concern
BGD.3.1.13.4_1,Dhaka,Gendaria,Ward No-82,390.9526977539062,0.379955930359086,1.0,0.2018815318868365,0.709863076249026,1.0,0.5792046894418936,Moderate stress,,,,,,0.5792046894418936,DSCC,,,,,64277.0,,,,0.004892190214310461,2083,3749,5208,0.058325684148295656,0.7228260869565217,0.5027173913043478,0.45189905965324706,Moderate concern
BGD.3.1.14.1_1,Dhaka,Gulshan,Ward No-18,237.4296834685175,0.3657435030034776,0.9793103448275864,0.1219935009511486,0.6833103194751463,0.9793103448275864,0.5327835984036573,Moderate stress,11857.0,54210.0,4.01,99.97,0.6581196581196578,0.5410113057911374,DNCC,63095.0,18050.0,3.56,99.41,63095.0,18050.0,3.56,99.41,0.004802226948549536,2044,3680,5112,0.05832474839527697,0.5489130434782609,0.27445652173913043,0.18735307081986483,Low concern
BGD.3.1.14.1_1,Dhaka,Gulshan,Ward No-18,237.4296834685175,0.3657435030034776,0.9793103448275864,0.1219935009511486,0.6833103194751463,0.9793103448275864,0.5327835984036573,Moderate stress,18050.0,63095.0,3.56,99.41,0.2735042735042733,0.4640882288680605,DNCC,63095.0,18050.0,3.56,99.41,63095.0,18050.0,3.56,99.41,0.004802226948549536,2044,3680,5112,0.05832474839527697,0.27717391304347827,0.27445652173913043,0.0946040258595357,Low concern
BGD.3.1.14.2_1,Dhaka,Gulshan,Ward No-19,287.59618480565825,0.3325238873076762,0.9956896551724138,0.1480984014405741,0.6212468623596175,0.9956896551724138,0.5255981761951992,Moderate stress,14930.0,58000.0,3.95,99.96,0.6068376068376068,0.5276516084961095,DNCC,121287.0,37557.0,3.45,99.96,121287.0,37557.0,3.45,99.96,0.009231281399615304,3930,7075,9827,0.05833271496533017,0.4945652173913043,0.9103260869565217,0.5598920070526007,Moderate concern
BGD.3.1.14.2_1,Dhaka,Gulshan,Ward No-19,287.59618480565825,0.3325238873076762,0.9956896551724138,0.1480984014405741,0.6212468623596175,0.9956896551724138,0.5255981761951992,Moderate stress,37557.0,121287.0,3.45,99.96,0.1794871794871794,0.442181523026024,DNCC,121287.0,37557.0,3.45,99.96,121287.0,37557.0,3.45,99.96,0.009231281399615304,3930,7075,9827,0.05833271496533017,0.21195652173913043,0.9103260869565217,0.23995371730825743,Low concern
BGD.3.1.14.3_1,Dhaka,Gulshan,Ward No-20 (Part),408.4976381035981,0.3408911897949451,0.973684210526316,0.2110113079268994,0.6368793044639043,0.973684210526316,0.5507333323647052,Moderate stress,,,,,,0.5507333323647052,DNCC,,,,,64277.0,,,,0.004892190214310461,2083,3749,5208,0.058325684148295656,0.5978260869565217,0.5027173913043478,0.373751101968851,Moderate concern
BGD.3.1.15.1_1,Dhaka,Hazaribagh,Ward No-46 (Part),263.15639886437583,0.2566673681046145,0.9922752808988764,0.1353807878343867,0.4795258421767276,0.9922752808988764,0.4700551801203285,Moderate stress,,,,,,0.4700551801203285,DNCC,,,,,64277.0,,,,0.004892190214310461,2083,3749,5208,0.058325684148295656,0.29891304347826086,0.5027173913043478,0.1868755509844255,Low concern
BGD.3.1.15.2_1,Dhaka,Hazaribagh,Ward No-48 (Part),406.05508338818913,0.3060210310828876,0.9511568123393316,0.2097402875031865,0.5717321751396178,0.9511568123393316,0.5217915793849738,Moderate stress,,,,,,0.5217915793849738,DSCC,,,,,64277.0,,,,0.004892190214310461,2083,3749,5208,0.058325684148295656,0.4673913043478261,0.5027173913043478,0.29220540699382896,Low concern
BGD.3.1.15.3_1,Dhaka,Hazaribagh,Ward No-58,545.7918652895678,0.3814289315726291,0.7903225806451615,0.2824544431452782,0.712615051120891,0.7903225806451615,0.5599776903117135,Moderate stress,19266.0,69593.0,3.67,99.97,0.3675213675213673,0.5085816075143759,DSCC,69593.0,19266.0,3.67,99.97,69593.0,19266.0,3.67,99.97,0.0052967965770727935,2255,4059,5638,0.058324831520411534,0.41304347826086957,0.7554347826086957,0.38803996473699676,Moderate concern
BGD.3.1.16.1_1,Dhaka,Jatrabari,Dhania(part),359.84953649217965,0.413410391742904,0.6670908111974161,0.1856965297837936,0.7723652902550757,0.6670908111974161,0.5113791663021479,Moderate stress,,,,,,0.5113791663021479,DSCC,,,,,64277.0,,,,0.004892190214310461,2083,3749,5208,0.058325684148295656,0.42391304347826086,0.5027173913043478,0.26502350866882163,Low concern
BGD.3.1.16.2_1,Dhaka,Jatrabari,Matuail (part),640.4534848857219,0.2483847526506369,0.8776190476190476,0.3317130538488306,0.4640516189424918,0.8776190476190476,0.5145080500741663,Moderate stress,,,,,,0.5145080500741663,DSCC,,,,,64277.0,,,,0.004892190214310461,2083,3749,5208,0.058325684148295656,0.44021739130434784,0.5027173913043478,0.2752167205406994,Low concern
BGD.3.1.16.3_1,Dhaka,Jatrabari,Ward No-76 (Part),636.9471709236266,0.4504119047619048,0.6670908111974161,0.3298884901534267,0.841494380654357,0.6670908111974161,0.5932511320897497,Moderate stress,,,,,,0.5932511320897497,DSCC,,,,,64277.0,,,,0.004892190214310461,2083,3749,5208,0.058325684148295656,0.7880434782608695,0.5027173913043478,0.49267190714075804,Moderate concern
BGD.3.1.16.4_1,Dhaka,Jatrabari,Ward No-84,429.5150602520012,0.4479118212845174,0.5,0.2219480425825832,0.8368235312048949,0.5,0.5066674529547465,Moderate stress,,,,,,0.5066674529547465,DSCC,,,,,64277.0,,,,0.004892190214310461,2083,3749,5208,0.058325684148295656,0.40217391304347827,0.5027173913043478,0.25143255950631793,Low concern
BGD.3.1.16.5_1,Dhaka,Jatrabari,Ward No-85,378.8258042689214,0.3216234551367897,0.4335664335664336,0.1955711187778199,0.600881831325738,0.4335664335664336,0.3969286968667446,Moderate stress,,,,,,0.3969286968667446,DSCC,,,,,64277.0,,,,0.004892190214310461,2083,3749,5208,0.058325684148295656,0.11956521739130435,0.5027173913043478,0.0747502203937702,Low concern
BGD.3.1.16.6_1,Dhaka,Jatrabari,Ward No-86,402.56619393472647,0.3436225824640541,0.9836065573770492,0.2079247909153505,0.6419823036477973,0.9836065573770492,0.5537653619871316,Moderate stress,,,,,,0.5537653619871316,DSCC,,,,,64277.0,,,,0.004892190214310461,2083,3749,5208,0.058325684148295656,0.6086956521739131,0.5027173913043478,0.3805465765501029,Moderate concern
BGD.3.1.17.1_1,Dhaka,Kadamtali,Dhania(part),436.078312160129,0.4506446811573341,0.0,0.2253633303419841,0.8419292715323108,0.0,0.3848205771731024,Moderate stress,,,,,,0.3848205771731024,DSCC,,,,,64277.0,,,,0.004892190214310461,2083,3749,5208,0.058325684148295656,0.09239130434782608,0.5027173913043478,0.057761533940640604,Low concern
BGD.3.1.17.2_1,Dhaka,Kadamtali,Matuail (part),504.3391926232708,0.3050977649265395,0.627450980392157,0.2608839156791089,0.5700072578490193,0.627450980392157,0.4607188516168395,Moderate stress,,,,,,0.4607188516168395,DSCC,,,,,64277.0,,,,0.004892190214310461,2083,3749,5208,0.058325684148295656,0.2554347826086957,0.5027173913043478,0.15969365265941818,Low concern
BGD.3.1.17.3_1,Dhaka,Kadamtali,Shyampur,393.9706030936688,0.2680559845559845,0.9900095147478593,0.2034519447416528,0.5008029368670237,0.9900095147478593,0.5041641844870842,Moderate stress,,,,,,0.5041641844870842,DSCC,,,,,64277.0,,,,0.004892190214310461,2083,3749,5208,0.058325684148295656,0.391304347826087,0.5027173913043478,0.24463708492506614,Low concern
BGD.3.1.17.4_1,Dhaka,Kadamtali,Ward No-88,376.28974076414016,0.4417361396303902,0.0,0.1942514396361102,0.8252856447642483,0.0,0.3665505515219309,Moderate stress,,,,,,0.3665505515219309,DSCC,,,,,64277.0,,,,0.004892190214310461,2083,3749,5208,0.058325684148295656,0.08152173913043478,0.5027173913043478,0.05096605935938877,Low concern
BGD.3.1.17.5_1,Dhaka,Kadamtali,Ward No-89,363.1059080279642,0.4937212162623846,0.6670908111974161,0.1873910321435848,0.9224081883764864,0.6670908111974161,0.5645719815885581,Moderate stress,,,,,,0.5645719815885581,DSCC,,,,,64277.0,,,,0.004892190214310461,2083,3749,5208,0.058325684148295656,0.657608695652174,0.5027173913043478,0.4111262121657361,Moderate concern
BGD.3.1.18.1_1,Dhaka,Kafrul,Ward No-04,444.4102973856301,0.3042341893830702,0.6547085201793723,0.2296990053321402,0.5683938591812285,0.6547085201793723,0.4544945828911291,Moderate stress,22353.0,87903.0,3.92,99.97,0.581196581196581,0.4696741369367468,DNCC,95090.0,22952.0,3.55,99.95,95090.0,22952.0,3.55,99.95,0.00723740011946391,3081,5547,7704,0.0583342096960774,0.29347826086956524,0.8288043478260869,0.30249044960329124,Low concern
BGD.3.1.18.1_1,Dhaka,Kafrul,Ward No-04,444.4102973856301,0.3042341893830702,0.6547085201793723,0.2296990053321402,0.5683938591812285,0.6547085201793723,0.4544945828911291,Moderate stress,22952.0,95090.0,3.55,99.95,0.2649572649572646,0.4064262736888835,DNCC,95090.0,22952.0,3.55,99.95,95090.0,22952.0,3.55,99.95,0.00723740011946391,3081,5547,7704,0.0583342096960774,0.14673913043478262,0.8288043478260869,0.15124522480164562,Low concern
BGD.3.1.18.2_1,Dhaka,Kafrul,Ward No-14 (part),895.8500364087763,0.416891896869245,1.0,0.4646125263084697,0.7788697075874372,1.0,0.7084494081789909,High stress,,,,,,0.7084494081789909,DNCC,,,,,64277.0,,,,0.004892190214310461,2083,3749,5208,0.058325684148295656,0.9728260869565217,0.5027173913043478,0.6081949750220393,Moderate concern
BGD.3.1.18.3_1,Dhaka,Kafrul,Ward No-15 (part),502.34801245515246,0.2836620844708528,0.9402597402597404,0.2598477748528647,0.5299594605810986,0.9402597402597404,0.5244898562094654,Moderate stress,,,,,,0.5244898562094654,DNCC,,,,,64277.0,,,,0.004892190214310461,2083,3749,5208,0.058325684148295656,0.4891304347826087,0.5027173913043478,0.30579635615633266,Low concern
BGD.3.1.18.4_1,Dhaka,Kafrul,Ward No-16,433.0251356575882,0.2111023657030754,0.9653179190751446,0.2237745636022061,0.3943977781312934,0.9653179190751446,0.4688785275556213,Moderate stress,20997.0,77094.0,3.72,99.93,0.4102564102564102,0.4520354076599064,DNCC,144310.0,36744.0,3.92,99.96,144310.0,36744.0,3.92,99.96,0.010983586194550815,4677,8418,11692,0.05833275587277389,0.23369565217391305,0.9429347826086957,0.274041287099618,Low concern
BGD.3.1.18.4_1,Dhaka,Kafrul,Ward No-16,433.0251356575882,0.2111023657030754,0.9653179190751446,0.2237745636022061,0.3943977781312934,0.9653179190751446,0.4688785275556213,Moderate stress,36744.0,144310.0,3.92,99.96,0.581196581196581,0.4862234418479406,DNCC,144310.0,36744.0,3.92,99.96,144310.0,36744.0,3.92,99.96,0.010983586194550815,4677,8418,11692,0.05833275587277389,0.3532608695652174,0.9429347826086957,0.41424845724360865,Moderate concern
BGD.3.1.19.1_1,Dhaka,Kalabagan,Ward No-50,899.8107260911623,0.4508920820189275,0.6670908111974161,0.4666735313072703,0.8423914849698307,0.6670908111974161,0.648279135061703,Moderate stress,11614.0,52971.0,4.07,99.96,0.7094017094017095,0.6492321113198274,DSCC,52971.0,11614.0,4.07,99.96,52971.0,11614.0,4.07,99.96,0.004031678638428045,1716,3090,4292,0.05833380528968681,0.9130434782608695,0.23097826086956522,0.2622685865412871,Low concern
BGD.3.1.19.1_1,Dhaka,Kalabagan,Ward No-50,899.8107260911623,0.4508920820189275,0.6670908111974161,0.4666735313072703,0.8423914849698307,0.6670908111974161,0.648279135061703,Moderate stress,34004.0,124415.0,3.64,99.9,0.3418803418803418,0.5757278378155538,DSCC,52971.0,11614.0,4.07,99.96,52971.0,11614.0,4.07,99.96,0.004031678638428045,1716,3090,4292,0.05833380528968681,0.7010869565217391,0.23097826086956522,0.20138480752277405,Low concern
BGD.3.1.19.2_1,Dhaka,Kalabagan,Ward No-51 (Part),667.4195481610291,0.3964804931910196,0.6670908111974161,0.3457452542142223,0.7407355434703189,0.6670908111974161,0.5643282446996545,Moderate stress,,,,,,0.5643282446996545,DSCC,,,,,64277.0,,,,0.004892190214310461,2083,3749,5208,0.058325684148295656,0.6521739130434783,0.5027173913043478,0.40772847487511016,Moderate concern
BGD.3.1.20.1_1,Dhaka,Kamrangir Char,Sultanganj,205.9518892800089,0.3804904524699046,0.9956363636363637,0.1056135529177928,0.7108617118264474,0.9956363636363637,0.5399561112154647,Moderate stress,,,,,,0.5399561112154647,DSCC,,,,,64277.0,,,,0.004892190214310461,2083,3749,5208,0.058325684148295656,0.5380434782608695,0.5027173913043478,0.33637599177196587,Moderate concern
BGD.3.1.22.1_1,Dhaka,Khilgaon,Dakshingaon (Part),429.4735726424448,0.2382438929133858,0.7082228116710878,0.2219264538751759,0.445105679917164,0.7082228116710878,0.4216132724388497,Moderate stress,,,,,,0.4216132724388497,DSCC,,,,,64277.0,,,,0.004892190214310461,2083,3749,5208,0.058325684148295656,0.17391304347826086,0.5027173913043478,0.10872759330002937,Low concern
BGD.3.1.22.2_1,Dhaka,Khilgaon,Nasirabad,79.72953643629064,0.0381647079472058,0.9765484894468202,0.0399318355825048,0.0713022611910426,0.9765484894468202,0.2850656480115719,Low stress,,,,,,0.2850656480115719,DSCC,,,,,64277.0,,,,0.004892190214310461,2083,3749,5208,0.058325684148295656,0.010869565217391304,0.5027173913043478,0.006795474581251836,Low concern
BGD.3.1.22.3_1,Dhaka,Khilgaon,Ward No-24,961.2547310502428,0.3762561987457791,0.902439024390244,0.4986468519968886,0.70295095130381,0.902439024390244,0.67110132985265,Moderate stress,16568.0,64277.0,3.88,99.95,0.5470085470085467,0.6401536503046217,DSCC,64277.0,16568.0,3.88,99.95,64277.0,16568.0,3.88,99.95,0.004892190214310461,2083,3749,5208,0.058325684148295656,0.8858695652173914,0.5027173913043478,0.5538311783720247,Moderate concern
BGD.3.1.22.3_1,Dhaka,Khilgaon,Ward No-24,961.2547310502428,0.3762561987457791,0.902439024390244,0.4986468519968886,0.70295095130381,0.902439024390244,0.67110132985265,Moderate stress,19489.0,70238.0,3.55,99.67,0.2649572649572646,0.5837433938943652,DSCC,64277.0,16568.0,3.88,99.95,64277.0,16568.0,3.88,99.95,0.004892190214310461,2083,3749,5208,0.058325684148295656,0.7554347826086957,0.5027173913043478,0.4722854833970026,Moderate concern
BGD.3.1.22.4_1,Dhaka,Khilgaon,Ward No-25,1062.8341383656684,0.4734531191369605,0.6551724137931034,0.5515052385509617,0.8845417606526969,0.6551724137931034,0.6939848150971044,Moderate stress,8278.0,31420.0,3.88,99.92,0.5470085470085467,0.6545984658163408,DSCC,31420.0,8278.0,3.88,99.92,31420.0,8278.0,3.88,99.92,0.0023914093148970036,1018,1832,2545,0.058306810948440486,0.9184782608695652,0.11141304347826086,0.12725903614457829,Low concern
BGD.3.1.22.4_1,Dhaka,Khilgaon,Ward No-25,1062.8341383656684,0.4734531191369605,0.6551724137931034,0.5515052385509617,0.8845417606526969,0.6551724137931034,0.6939848150971044,Moderate stress,24680.0,91769.0,3.71,99.88,0.4017094017094015,0.6255386367565118,DSCC,31420.0,8278.0,3.88,99.92,31420.0,8278.0,3.88,99.92,0.0023914093148970036,1018,1832,2545,0.058306810948440486,0.8695652173913043,0.11141304347826086,0.12048192771084337,Low concern
BGD.3.1.22.5_1,Dhaka,Khilgaon,Ward No-26,898.5948557020918,0.3958209711084259,0.4000000000000001,0.4660408346936193,0.7395033732711022,0.4000000000000001,0.5452425145223334,Moderate stress,10506.0,43318.0,3.68,99.96,0.376068376068376,0.5032038106742175,DSCC,43318.0,10506.0,3.68,99.96,43318.0,10506.0,3.68,99.96,0.0032969786347138257,1403,2527,3509,0.05833602659402558,0.3858695652173913,0.17119565217391305,0.08215177784307964,Low concern
BGD.3.1.22.5_1,Dhaka,Khilgaon,Ward No-26,898.5948557020918,0.3958209711084259,0.4000000000000001,0.4660408346936193,0.7395033732711022,0.4000000000000001,0.5452425145223334,Moderate stress,15243.0,65348.0,3.99,99.96,0.6410256410256411,0.5561952636656705,DSCC,43318.0,10506.0,3.68,99.96,43318.0,10506.0,3.68,99.96,0.0032969786347138257,1403,2527,3509,0.05833602659402558,0.6141304347826086,0.17119565217391305,0.13074860417278872,Low concern
BGD.3.1.23.1_1,Dhaka,Khilkhet,Dakshinkhan (part),85.81277495647257,0.0842092569337304,0.9310260186548848,0.0430973410889696,0.157326251281639,0.9310260186548848,0.3050596290478827,Low stress,,,,,,0.3050596290478827,DNCC,,,,,64277.0,,,,0.004892190214310461,2083,3749,5208,0.058325684148295656,0.03804347826086957,0.5027173913043478,0.02378416103438143,Low concern
BGD.3.1.23.2_1,Dhaka,Khilkhet,Dumni,61.14477620705127,0.0712290515212274,0.9854758291784088,0.0302609734838369,0.1330756269111874,0.9854758291784088,0.3050498161070526,Low stress,,,,,,0.3050498161070526,DNCC,,,,,64277.0,,,,0.004892190214310461,2083,3749,5208,0.058325684148295656,0.03260869565217391,0.5027173913043478,0.020386423743755506,Low concern
BGD.3.1.23.3_1,Dhaka,Khilkhet,Ward No-17 (Part),159.93841135550286,0.261251849357646,0.778084714548803,0.0816697412032948,0.4880909248751536,0.778084714548803,0.3980208988248225,Moderate stress,,,,,,0.3980208988248225,DNCC,,,,,64277.0,,,,0.004892190214310461,2083,3749,5208,0.058325684148295656,0.125,0.5027173913043478,0.07814795768439611,Low concern
BGD.3.1.24.1_1,Dhaka,Kotwali,Ward No-68 (Part),665.1050650177563,0.4690917992656058,0.9166666666666666,0.3445408777771743,0.8763936053193666,0.9166666666666666,0.6737207796393146,High stress,,,,,,0.6737207796393146,DSCC,,,,,64277.0,,,,0.004892190214310461,2083,3749,5208,0.058325684148295656,0.9402173913043478,0.5027173913043478,0.5878085512782838,Moderate concern
BGD.3.1.24.2_1,Dhaka,Kotwali,Ward No-71 (Part),783.871287693487,0.3547504672897196,0.6670908111974161,0.4063426845968088,0.6627722793353102,0.6670908111974161,0.561280074405436,Moderate stress,,,,,,0.561280074405436,DSCC,,,,,64277.0,,,,0.004892190214310461,2083,3749,5208,0.058325684148295656,0.6467391304347826,0.5027173913043478,0.4043307375844843,Moderate concern
BGD.3.1.24.3_1,Dhaka,Kotwali,Ward No-72,719.3339772676647,0.4866857142857142,0.6670908111974161,0.3727597154517399,0.9092639190624232,0.6670908111974161,0.6341189606518981,Moderate stress,7459.0,27574.0,3.7,99.94,0.3931623931623931,0.5698325210456766,DSCC,27574.0,7459.0,3.7,99.94,27574.0,7459.0,3.7,99.94,0.002098686201431253,893,1608,2234,0.05831580474359904,0.6739130434782609,0.09239130434782608,0.07743167793123715,Low concern
BGD.3.1.24.4_1,Dhaka,Kotwali,Ward No-73,502.7652146625461,0.3358390348197924,0.9931506849315068,0.2600648723545379,0.6274404775216339,0.9931506849315068,0.5719177873072637,Moderate stress,12054.0,46137.0,3.79,99.92,0.4700854700854699,0.5405300557078921,DSCC,46137.0,12054.0,3.79,99.92,46137.0,12054.0,3.79,99.92,0.0035115356957798553,1495,2691,3738,0.058326289095519866,0.5434782608695652,0.21195652173913043,0.14325595063179547,Low concern
BGD.3.1.25.1_1,Dhaka,Lalbagh,Ward No-56 (Part),1253.5221860658871,0.2330702797202797,0.6670908111974161,0.6507326587827104,0.4354399353317064,0.6670908111974161,0.5794697436785354,Moderate stress,,,,,,0.5794697436785354,DSCC,,,,,64277.0,,,,0.004892190214310461,2083,3749,5208,0.058325684148295656,0.7282608695652174,0.5027173913043478,0.45529679694387304,Moderate concern
BGD.3.1.25.2_1,Dhaka,Lalbagh,Ward No-59,713.0949704960507,0.3850956318914333,0.0,0.3695131535711078,0.7194654644452199,0.0,0.3996181739842701,Moderate stress,14098.0,57413.0,4.06,99.89,0.7008547008547004,0.4493669100321328,DSCC,57413.0,14098.0,4.06,99.89,57413.0,14098.0,4.06,99.89,0.004369763940043974,1860,3349,4651,0.058331736714681344,0.22282608695652173,0.2554347826086957,0.07078313253012049,Low concern
BGD.3.1.25.3_1,Dhaka,Lalbagh,Ward No-60,743.4827752297972,0.4798873515745998,0.8181818181818182,0.3853259090458303,0.8965626916779538,0.8181818181818182,0.6724727602510705,Moderate stress,27110.0,108822.0,4.02,99.97,0.6666666666666662,0.6559744380552259,DSCC,108822.0,27110.0,4.02,99.97,108822.0,27110.0,4.02,99.97,0.008282557112212659,3526,6348,8817,0.058333792799250155,0.9239130434782609,0.8532608695652174,0.9803849544519542,High concern
BGD.3.1.25.4_1,Dhaka,Lalbagh,Ward No-61,1192.0013079874311,0.45029609030837,0.6670908111974161,0.6187193359985046,0.8412780071286625,0.6670908111974161,0.7087077396937878,High stress,21680.0,89085.0,4.06,99.96,0.7008547008547004,0.7004603717920656,DSCC,89085.0,21680.0,4.06,99.96,89085.0,21680.0,4.06,99.96,0.0067803532405346775,2887,5197,7218,0.05833754279620587,0.9619565217391305,0.7934782608695652,0.9492359682632971,High concern
BGD.3.1.25.5_1,Dhaka,Lalbagh,Ward No-62,955.5652256250024,0.3167900898652022,0.7777777777777778,0.4956862314831756,0.5918517642411638,0.7777777777777778,0.599867054522122,Moderate stress,23988.0,96852.0,3.97,99.93,0.6239316239316239,0.6017950024212828,DSCC,96852.0,23988.0,3.97,99.93,96852.0,23988.0,3.97,99.93,0.007371507796511922,3138,5650,7847,0.05833643084293561,0.8097826086956522,0.8369565217391305,0.8428592418454306,High concern
BGD.3.1.25.6_1,Dhaka,Lalbagh,Ward No-91,260.5333717998937,0.4235497063142438,0.9519230769230772,0.1340158558842951,0.7913083424818581,0.9519230769230772,0.5685450314531377,Moderate stress,,,,,,0.5685450314531377,DSCC,,,,,64277.0,,,,0.004892190214310461,2083,3749,5208,0.058325684148295656,0.6684782608695652,0.5027173913043478,0.41792168674698793,Moderate concern
BGD.3.1.25.7_1,Dhaka,Lalbagh,Ward No-92,282.2351601705967,0.4104448395217119,0.8292682926829269,0.1453087108923112,0.7668248160729172,0.8292682926829269,0.5338292431531773,Moderate stress,,,,,,0.5338292431531773,DSCC,,,,,64277.0,,,,0.004892190214310461,2083,3749,5208,0.058325684148295656,0.5163043478260869,0.5027173913043478,0.3227850426094622,Low concern
BGD.3.1.26.1_1,Dhaka,Mirpur,Ward No-07 (Part),1547.5918076812704,0.3609153916628493,0.0,0.8037562503152774,0.6742900681910247,0.0,0.5575040239929696,Moderate stress,,,,,,0.5575040239929696,DNCC,,,,,64277.0,,,,0.004892190214310461,2083,3749,5208,0.058325684148295656,0.625,0.5027173913043478,0.39073978842198054,Moderate concern
BGD.3.1.26.2_1,Dhaka,Mirpur,Ward No-11,581.2097339757116,0.3637243237299318,0.7727272727272727,0.3008846687531145,0.679537932479468,0.7727272727272727,0.5513739620508777,Moderate stress,14013.0,55653.0,3.93,99.56,0.5897435897435898,0.5476882896776296,DNCC,114884.0,30763.0,3.7,99.94,114884.0,30763.0,3.7,99.94,0.008743942321216657,3723,6702,9308,0.05833710525399533,0.5815217391304348,0.8614130434782609,0.6229613576256244,Moderate concern
BGD.3.1.26.2_1,Dhaka,Mirpur,Ward No-11,581.2097339757116,0.3637243237299318,0.7727272727272727,0.3008846687531145,0.679537932479468,0.7727272727272727,0.5513739620508777,Moderate stress,30763.0,114884.0,3.7,99.94,0.3931623931623931,0.5083720503613902,DNCC,114884.0,30763.0,3.7,99.94,114884.0,30763.0,3.7,99.94,0.008743942321216657,3723,6702,9308,0.05833710525399533,0.4076086956521739,0.8614130434782609,0.4366551572142227,Moderate concern
BGD.3.1.26.3_1,Dhaka,Mirpur,Ward No-12,597.1200356646925,0.381764746703678,0.8333333333333334,0.3091638357525499,0.7132424469395378,0.8333333333333334,0.5816337240631915,Moderate stress,14615.0,56118.0,3.81,99.96,0.487179487179487,0.550620518350841,DNCC,135408.0,34790.0,3.85,99.93,135408.0,34790.0,3.85,99.93,0.010306045592347978,4388,7899,10971,0.05833481035093938,0.592391304347826,0.9320652173913043,0.6866551572142227,High concern
BGD.3.1.26.3_1,Dhaka,Mirpur,Ward No-12,597.1200356646925,0.381764746703678,0.8333333333333334,0.3091638357525499,0.7132424469395378,0.8333333333333334,0.5816337240631915,Moderate stress,34790.0,135408.0,3.85,99.93,0.5213675213675213,0.5574581251884478,DNCC,135408.0,34790.0,3.85,99.93,135408.0,34790.0,3.85,99.93,0.010306045592347978,4388,7899,10971,0.05833481035093938,0.6195652173913043,0.9320652173913043,0.7181531002057008,High concern
BGD.3.1.26.4_1,Dhaka,Mirpur,Ward No-13,1017.7461022913728,0.4362010768899418,0.0,0.5280429945512648,0.8149446121596177,0.0,0.4964478120763721,Moderate stress,11961.0,52585.0,4.11,99.91,0.7435897435897437,0.5372691498507958,DNCC,173323.0,45362.0,3.79,99.98,173323.0,45362.0,3.79,99.98,0.013191796202606408,5617,10111,14043,0.058336170040906285,0.5271739130434783,0.9755434782608695,0.6395643549808991,Moderate concern
BGD.3.1.26.4_1,Dhaka,Mirpur,Ward No-13,1017.7461022913728,0.4362010768899418,0.0,0.5280429945512648,0.8149446121596177,0.0,0.4964478120763721,Moderate stress,45362.0,173323.0,3.79,99.98,0.4700854700854699,0.4825682951499411,DNCC,173323.0,45362.0,3.79,99.98,173323.0,45362.0,3.79,99.98,0.013191796202606408,5617,10111,14043,0.058336170040906285,0.3423913043478261,0.9755434782608695,0.41538715838965623,Moderate concern
BGD.3.1.26.5_1,Dhaka,Mirpur,Ward No-14 (part),1003.3442914954512,0.4400706782106782,0.6670908111974161,0.5205487936866586,0.8221741008395265,0.6670908111974161,0.6627531555678516,High stress,,,,,,0.6627531555678516,DNCC,,,,,64277.0,,,,0.004892190214310461,2083,3749,5208,0.058325684148295656,0.9293478260869565,0.5027173913043478,0.581013076697032,Moderate concern
BGD.3.1.27.1_1,Dhaka,Mohammadpur,Ward No-42,927.10946119897,0.4252641412283928,0.4285714285714285,0.4808788425106033,0.7945113824792503,0.4285714285714285,0.5775733780148361,Moderate stress,7838.0,29684.0,3.78,99.98,0.4615384615384612,0.5449574185205017,DNCC,19674.0,5024.0,3.94,99.94,19674.0,5024.0,3.94,99.94,0.0014974088752795559,637,1147,1594,0.05830029480532683,0.5652173913043478,0.029891304347826088,0.02101087275933,Low concern
BGD.3.1.27.1_1,Dhaka,Mohammadpur,Ward No-42,927.10946119897,0.4252641412283928,0.4285714285714285,0.4808788425106033,0.7945113824792503,0.4285714285714285,0.5775733780148361,Moderate stress,5024.0,19674.0,3.94,99.94,0.598290598290598,0.572307845870929,DNCC,19674.0,5024.0,3.94,99.94,19674.0,5024.0,3.94,99.94,0.0014974088752795559,637,1147,1594,0.05830029480532683,0.6847826086956522,0.029891304347826088,0.025455480458419045,Low concern
BGD.3.1.27.2_1,Dhaka,Mohammadpur,Ward No-44,995.6870441078066,0.3756094439901881,0.8,0.5165642287728326,0.7017426340130426,0.8,0.652235613413698,Moderate stress,6877.0,26971.0,3.87,99.54,0.5384615384615384,0.6239254462660597,DNCC,31861.0,8230.0,3.81,99.91,31861.0,8230.0,3.81,99.91,0.0024249742896859778,1032,1858,2581,0.05831580929663225,0.8586956521739131,0.12228260869565218,0.13058330884513664,Low concern
BGD.3.1.27.2_1,Dhaka,Mohammadpur,Ward No-44,995.6870441078066,0.3756094439901881,0.8,0.5165642287728326,0.7017426340130426,0.8,0.652235613413698,Moderate stress,8230.0,31861.0,3.81,99.91,0.487179487179487,0.6136690360096495,DNCC,31861.0,8230.0,3.81,99.91,31861.0,8230.0,3.81,99.91,0.0024249742896859778,1032,1858,2581,0.05831580929663225,0.8260869565217391,0.12228260869565218,0.1256244490155745,Low concern
BGD.3.1.27.3_1,Dhaka,Mohammadpur,Ward No-45,762.9810455266816,0.3142470102411629,1.0,0.3954721299751191,0.5871005860627876,1.0,0.6136740571120233,Moderate stress,13459.0,52639.0,3.92,99.91,0.581196581196581,0.6014297082463048,DNCC,50260.0,13612.0,3.62,99.87,50260.0,13612.0,3.62,99.87,0.0038253415711878864,1628,2932,4072,0.058336649423000396,0.8043478260869565,0.22010869565217392,0.22017337643255952,Low concern
BGD.3.1.27.3_1,Dhaka,Mohammadpur,Ward No-45,762.9810455266816,0.3142470102411629,1.0,0.3954721299751191,0.5871005860627876,1.0,0.6136740571120233,Moderate stress,13612.0,50260.0,3.62,99.87,0.3247863247863247,0.5501476569642536,DNCC,50260.0,13612.0,3.62,99.87,50260.0,13612.0,3.62,99.87,0.0038253415711878864,1628,2932,4072,0.058336649423000396,0.5869565217391305,0.22010869565217392,0.1606670584778137,Low concern
BGD.3.1.27.4_1,Dhaka,Mohammadpur,Ward No-46,534.0461028423977,0.2943863590772317,0.8435091879075283,0.2763423573572904,0.5499953804190356,0.8435091879075283,0.5139126230664607,Moderate stress,10586.0,43510.0,3.82,99.95,0.4957264957264954,0.5020658069066153,DNCC,44028.0,12043.0,3.62,99.83,44028.0,12043.0,3.62,99.83,0.003351017483013535,1426,2568,3567,0.0583265194875988,0.3804347826086957,0.1875,0.08870849250661181,Low concern
BGD.3.1.27.4_1,Dhaka,Mohammadpur,Ward No-46,534.0461028423977,0.2943863590772317,0.8435091879075283,0.2763423573572904,0.5499953804190356,0.8435091879075283,0.5139126230664607,Moderate stress,12043.0,44028.0,3.62,99.83,0.3247863247863247,0.4678777727185811,DNCC,44028.0,12043.0,3.62,99.83,44028.0,12043.0,3.62,99.83,0.003351017483013535,1426,2568,3567,0.0583265194875988,0.2826086956521739,0.1875,0.06589773729062592,Low concern
BGD.3.1.27.5_1,Dhaka,Mohammadpur,Ward No-47(part),493.9836397321529,0.2586655464106082,0.9805068226120858,0.2554952465367488,0.4832589935394297,0.9805068226120858,0.5164654520065214,Moderate stress,,,,,,0.5164654520065214,DNCC,,,,,64277.0,,,,0.004892190214310461,2083,3749,5208,0.058325684148295656,0.44565217391304346,0.5027173913043478,0.27861445783132527,Low concern
BGD.3.1.27.6_1,Dhaka,Mohammadpur,Ward No-51(part),516.481319489771,0.2993770918367346,0.6670908111974161,0.267202255709437,0.5593194536241817,0.6670908111974161,0.4694154138515924,Moderate stress,,,,,,0.4694154138515924,DSCC,,,,,64277.0,,,,0.004892190214310461,2083,3749,5208,0.058325684148295656,0.28804347826086957,0.5027173913043478,0.18008007640317367,Low concern
BGD.3.1.28.1_1,Dhaka,Motijheel,Ward No-31,541.8436338915217,0.4058584233509537,0.4,0.2803999210038485,0.7582561184114389,0.4,0.477549609845543,Moderate stress,5124.0,20255.0,3.89,99.75,0.5555555555555555,0.4788151130653178,DSCC,20255.0,5124.0,3.89,99.75,20255.0,5124.0,3.89,99.75,0.0015416293976205859,656,1181,1641,0.05830659096519378,0.33152173913043476,0.04619565217391304,0.019045694975022037,Low concern
BGD.3.1.28.1_1,Dhaka,Motijheel,Ward No-31,541.8436338915217,0.4058584233509537,0.4,0.2803999210038485,0.7582561184114389,0.4,0.477549609845543,Moderate stress,13719.0,49049.0,3.52,99.96,0.2393162393162391,0.4155672498174545,DSCC,20255.0,5124.0,3.89,99.75,20255.0,5124.0,3.89,99.75,0.0015416293976205859,656,1181,1641,0.05830659096519378,0.16304347826086957,0.04619565217391304,0.009366735233617397,Low concern
BGD.3.1.28.2_1,Dhaka,Motijheel,Ward No-32,440.5317206430126,0.3224256923732425,0.9333333333333336,0.2276807290480081,0.6023806330210074,0.9333333333333336,0.5352388465098893,Moderate stress,7723.0,32307.0,4.24,99.95,0.8547008547008548,0.5878902510288924,DSCC,32307.0,7723.0,4.24,99.95,32307.0,7723.0,4.24,99.95,0.002458919819744669,1047,1884,2617,0.058315535332899994,0.7717391304347826,0.1331521739130435,0.12779165442256832,Low concern
BGD.3.1.28.2_1,Dhaka,Motijheel,Ward No-32,440.5317206430126,0.3224256923732425,0.9333333333333336,0.2276807290480081,0.6023806330210074,0.9333333333333336,0.5352388465098893,Moderate stress,20110.0,73265.0,3.58,99.97,0.2905982905982905,0.4750697382083795,DSCC,32307.0,7723.0,4.24,99.95,32307.0,7723.0,4.24,99.95,0.002458919819744669,1047,1884,2617,0.058315535332899994,0.32065217391304346,0.1331521739130435,0.053096532471348816,Low concern
BGD.3.1.28.3_1,Dhaka,Motijheel,Ward No-33,588.1998229019408,0.2743475993804853,0.4,0.3045220676341952,0.5125574186293513,0.4,0.401203923573951,Moderate stress,16148.0,64566.0,3.9,99.96,0.5641025641025639,0.4275425911498189,DSCC,64566.0,16148.0,3.9,99.96,64566.0,16148.0,3.9,99.96,0.004914186308900061,2092,3766,5231,0.05832791252361924,0.19021739130434784,0.7255434782608695,0.1716316485454011,Low concern
BGD.3.1.28.3_1,Dhaka,Motijheel,Ward No-33,588.1998229019408,0.2743475993804853,0.4,0.3045220676341952,0.5125574186293513,0.4,0.401203923573951,Moderate stress,71144.0,266851.0,3.68,99.94,0.376068376068376,0.3899357535429814,DSCC,64566.0,16148.0,3.9,99.96,64566.0,16148.0,3.9,99.96,0.004914186308900061,2092,3766,5231,0.05832791252361924,0.10869565217391304,0.7255434782608695,0.09807522774022921,Low concern
BGD.3.1.28.4_1,Dhaka,Motijheel,Ward No-34,697.3839520985948,0.3389292381812706,0.7777777777777778,0.3613376866575027,0.6332138346116019,0.7777777777777778,0.5606043612215061,Moderate stress,10415.0,44877.0,4.06,99.9,0.7008547008547004,0.5804981447095221,DSCC,44877.0,10415.0,4.06,99.9,44877.0,10415.0,4.06,99.9,0.003415635767811357,1454,2618,3636,0.05833723288098581,0.7391304347826086,0.20380434782608695,0.18733470467234792,Low concern
BGD.3.1.28.4_1,Dhaka,Motijheel,Ward No-34,697.3839520985948,0.3389292381812706,0.7777777777777778,0.3613376866575027,0.6332138346116019,0.7777777777777778,0.5606043612215061,Moderate stress,35448.0,125955.0,3.62,99.95,0.3247863247863247,0.5052844694958469,DSCC,44877.0,10415.0,4.06,99.9,44877.0,10415.0,4.06,99.9,0.003415635767811357,1454,2618,3636,0.05833723288098581,0.3967391304347826,0.20380434782608695,0.10055465765501027,Low concern
BGD.3.1.28.5_1,Dhaka,Motijheel,Ward No-35,673.4117262936127,0.4039991908006815,1.0,0.3488633750657196,0.7547825562634518,1.0,0.653719244718496,Moderate stress,6105.0,25440.0,4.01,100.0,0.6581196581196578,0.6424217519627964,DSCC,25440.0,6105.0,4.01,100.0,25440.0,6105.0,4.01,100.0,0.0019362652123163517,824,1484,2061,0.058333333333333334,0.907608695652174,0.07336956521739131,0.08281295915368794,Low concern
BGD.3.1.28.5_1,Dhaka,Motijheel,Ward No-35,673.4117262936127,0.4039991908006815,1.0,0.3488633750657196,0.7547825562634518,1.0,0.653719244718496,Moderate stress,21848.0,79707.0,3.67,99.74,0.3675213675213673,0.5843020938431382,DSCC,25440.0,6105.0,4.01,100.0,25440.0,6105.0,4.01,100.0,0.0019362652123163517,824,1484,2061,0.058333333333333334,0.7663043478260869,0.07336956521739131,0.06991992359682633,Low concern
BGD.3.1.30.1_1,Dhaka,New Market,Ward No-52,444.77161976647744,0.295092318169436,0.9,0.2298870249178241,0.5513143078336558,0.9,0.5099148177089092,Moderate stress,10569.0,41955.0,3.95,99.91,0.6068376068376068,0.5196565570471737,DSCC,41955.0,10569.0,3.95,99.91,41955.0,10569.0,3.95,99.91,0.003193239268189172,1359,2447,3399,0.0583243951853176,0.46195652173913043,0.16032608695652173,0.09210622979723772,Low concern
BGD.3.1.30.1_1,Dhaka,New Market,Ward No-52,444.77161976647744,0.295092318169436,0.9,0.2298870249178241,0.5513143078336558,0.9,0.5099148177089092,Moderate stress,25538.0,92325.0,3.61,99.9,0.3162393162393159,0.4615368989275155,DSCC,41955.0,10569.0,3.95,99.91,41955.0,10569.0,3.95,99.91,0.003193239268189172,1359,2447,3399,0.0583243951853176,0.266304347826087,0.16032608695652173,0.053096532471348816,Low concern
BGD.3.1.31.1_1,Dhaka,Pallabi,Ward No-02,107.90560243851895,0.2927339117280655,0.9904191616766468,0.0545936792344779,0.5469081503881473,0.9904191616766468,0.4608601147488044,Moderate stress,27541.0,105456.0,3.83,99.96,0.5042735042735041,0.4547733585191342,DNCC,208062.0,63627.0,3.24,99.89,208062.0,63627.0,3.24,99.89,0.015835818105541067,6743,12137,16858,0.058333573646316965,0.2391304347826087,0.9864130434782609,0.2933441081398766,Low concern
BGD.3.1.31.1_1,Dhaka,Pallabi,Ward No-02,107.90560243851895,0.2927339117280655,0.9904191616766468,0.0545936792344779,0.5469081503881473,0.9904191616766468,0.4608601147488044,Moderate stress,63627.0,208062.0,3.24,99.89,0.0,0.3539186576644334,DNCC,208062.0,63627.0,3.24,99.89,208062.0,63627.0,3.24,99.89,0.015835818105541067,6743,12137,16858,0.058333573646316965,0.07065217391304347,0.9864130434782609,0.08666985013223626,Low concern
BGD.3.1.31.2_1,Dhaka,Pallabi,Ward No-03,314.03439510508605,0.4219020473157417,0.0,0.1618559254972518,0.7882300584182808,0.0,0.340622890645299,Moderate stress,43067.0,161606.0,3.73,99.95,0.4188034188034186,0.337467772289292,DNCC,104226.0,26576.0,3.9,99.93,104226.0,26576.0,3.9,99.93,0.007932750708289468,3377,6080,8444,0.058334772513576265,0.04891304347826087,0.845108695652174,0.05140684689979431,Low concern
BGD.3.1.31.2_1,Dhaka,Pallabi,Ward No-03,314.03439510508605,0.4219020473157417,0.0,0.1618559254972518,0.7882300584182808,0.0,0.340622890645299,Moderate stress,26576.0,104226.0,3.9,99.93,0.5641025641025639,0.3665276013491211,DNCC,104226.0,26576.0,3.9,99.93,104226.0,26576.0,3.9,99.93,0.007932750708289468,3377,6080,8444,0.058334772513576265,0.07608695652173914,0.845108695652174,0.07996620628856892,Low concern
BGD.3.1.31.3_1,Dhaka,Pallabi,Ward No-05,167.3806421715639,0.407817742987606,0.9787234042553192,0.0855424189801837,0.7619166710005633,0.9787234042553192,0.5455686535061004,Moderate stress,17704.0,69386.0,3.9,99.95,0.5641025641025639,0.5289842080647817,DNCC,133703.0,35792.0,3.73,99.94,133703.0,35792.0,3.73,99.94,0.01017627624537473,4333,7800,10833,0.058338257181963005,0.5,0.9211956521739131,0.5728034087569792,Moderate concern
BGD.3.1.31.3_1,Dhaka,Pallabi,Ward No-05,167.3806421715639,0.407817742987606,0.9787234042553192,0.0855424189801837,0.7619166710005633,0.9787234042553192,0.5455686535061004,Moderate stress,35792.0,133703.0,3.73,99.94,0.4188034188034186,0.4999243790049527,DNCC,133703.0,35792.0,3.73,99.94,133703.0,35792.0,3.73,99.94,0.01017627624537473,4333,7800,10833,0.058338257181963005,0.3695652173913043,0.9211956521739131,0.4233764325595063,Moderate concern
BGD.3.1.31.4_1,Dhaka,Pallabi,Ward No-06,775.3533809465025,0.2797414137380192,0.958490566037736,0.401910262520693,0.5226345600729303,0.958490566037736,0.5833088425432368,Moderate stress,19134.0,72195.0,3.81,99.95,0.487179487179487,0.5604612425439197,DNCC,228316.0,64524.0,3.56,99.95,228316.0,64524.0,3.56,99.95,0.01737737139210771,7399,13319,18499,0.058335815273568216,0.6358695652173914,0.9972826086956522,0.7886240082280342,High concern
BGD.3.1.31.4_1,Dhaka,Pallabi,Ward No-06,775.3533809465025,0.2797414137380192,0.958490566037736,0.401910262520693,0.5226345600729303,0.958490566037736,0.5833088425432368,Moderate stress,64524.0,228316.0,3.56,99.95,0.2735042735042733,0.517726199808877,DNCC,228316.0,64524.0,3.56,99.95,228316.0,64524.0,3.56,99.95,0.01737737139210771,7399,13319,18499,0.058335815273568216,0.45652173913043476,0.9972826086956522,0.5661915956508963,Moderate concern
BGD.3.1.31.5_1,Dhaka,Pallabi,Ward No-15 (part),92.96927949216848,0.1812795936931474,0.9917469050894084,0.0468213368585959,0.3386805672925692,0.9917469050894084,0.3852034595681897,Moderate stress,,,,,,0.3852034595681897,DNCC,,,,,64277.0,,,,0.004892190214310461,2083,3749,5208,0.058325684148295656,0.09782608695652174,0.5027173913043478,0.061159271231266535,Low concern
BGD.3.1.32.1_1,Dhaka,Paltan,Ward No-36,449.2239174244457,0.3544896636731819,0.8888888888888888,0.2322038455892413,0.6622850258336809,0.8888888888888888,0.546903519499707,Moderate stress,6098.0,25734.0,4.2,99.92,0.8205128205128205,0.5887229442949965,DSCC,25734.0,6098.0,4.2,99.92,25734.0,6098.0,4.2,99.92,0.0019586418621756678,834,1501,2085,0.05832750446879614,0.7771739130434783,0.08423913043478261,0.08141713194240376,Low concern
BGD.3.1.32.1_1,Dhaka,Paltan,Ward No-36,449.2239174244457,0.3544896636731819,0.8888888888888888,0.2322038455892413,0.6622850258336809,0.8888888888888888,0.546903519499707,Moderate stress,17414.0,63970.0,3.58,99.97,0.2905982905982905,0.4827400383120905,DSCC,25734.0,6098.0,4.2,99.92,25734.0,6098.0,4.2,99.92,0.0019586418621756678,834,1501,2085,0.05832750446879614,0.34782608695652173,0.08423913043478261,0.03643843667352336,Low concern
BGD.3.1.33.1_1,Dhaka,Ramna,Ward No-53,489.2817417412396,0.2982953443632166,0.9285714285714286,0.2530485425431947,0.5572984492709916,0.9285714285714286,0.5284167314049821,Moderate stress,17925.0,65763.0,3.71,99.98,0.4017094017094015,0.4939477682640321,DSCC,65763.0,17925.0,3.71,99.98,65763.0,17925.0,3.71,99.98,0.0050052912404701345,2131,3836,5328,0.05833067226251844,0.3641304347826087,0.7364130434782609,0.33347414046429624,Moderate concern
BGD.3.1.33.1_1,Dhaka,Ramna,Ward No-53,489.2817417412396,0.2982953443632166,0.9285714285714286,0.2530485425431947,0.5572984492709916,0.9285714285714286,0.5284167314049821,Moderate stress,30214.0,103609.0,3.38,99.66,0.1196581196581193,0.4375375118537756,DSCC,65763.0,17925.0,3.71,99.98,65763.0,17925.0,3.71,99.98,0.0050052912404701345,2131,3836,5328,0.05833067226251844,0.20652173913043478,0.7364130434782609,0.18913458712900383,Low concern
BGD.3.1.33.2_1,Dhaka,Ramna,Ward No-54,593.7448575901101,0.3088673234022105,0.9964788732394366,0.3074075106068329,0.577049838742839,0.9964788732394366,0.574050166112586,Moderate stress,15527.0,57941.0,3.8,99.91,0.4786324786324783,0.5468773587724842,DNCC,70120.0,21450.0,3.36,99.88,70120.0,21450.0,3.36,99.88,0.005336907102500887,2272,4090,5681,0.05832857957786652,0.5760869565217391,0.7635869565217391,0.5470540699382898,Moderate concern
BGD.3.1.33.2_1,Dhaka,Ramna,Ward No-54,593.7448575901101,0.3088673234022105,0.9964788732394366,0.3074075106068329,0.577049838742839,0.9964788732394366,0.574050166112586,Moderate stress,21450.0,70120.0,3.36,99.88,0.1025641025641022,0.471663683558809,DNCC,70120.0,21450.0,3.36,99.88,70120.0,21450.0,3.36,99.88,0.005336907102500887,2272,4090,5681,0.05832857957786652,0.30434782608695654,0.7635869565217391,0.28900969732588894,Low concern
BGD.3.1.33.3_1,Dhaka,Ramna,Ward No-55,567.5454849171526,0.3597740352976368,0.9965277777777778,0.2937742693346021,0.6721576978928681,0.9965277777777778,0.6018968464407891,Moderate stress,37313.0,144013.0,3.85,99.96,0.5213675213675213,0.5744394785693876,DNCC,,,,,64277.0,,,,0.004892190214310461,2083,3749,5208,0.058325684148295656,0.6902173913043478,0.5027173913043478,0.43151263590949157,Moderate concern
BGD.3.1.34.1_1,Dhaka,Rampura,Ward No-22,849.5819847639917,0.3484872801477018,0.9446540880503148,0.4405362432942406,0.6510709083695925,0.9446540880503148,0.6402528372596323,Moderate stress,25215.0,93237.0,3.65,99.95,0.3504273504273502,0.5759716999409153,DNCC,171433.0,45914.0,3.76,99.95,171433.0,45914.0,3.76,99.95,0.01304794631065366,5556,10001,13890,0.058337659610460064,0.7065217391304348,0.9646739130434783,0.8475977079047899,High concern
BGD.3.1.34.1_1,Dhaka,Rampura,Ward No-22,849.5819847639917,0.3484872801477018,0.9446540880503148,0.4405362432942406,0.6510709083695925,0.9446540880503148,0.6402528372596323,Moderate stress,45914.0,171433.0,3.76,99.95,0.4444444444444441,0.5947751187443341,DNCC,171433.0,45914.0,3.76,99.95,171433.0,45914.0,3.76,99.95,0.01304794631065366,5556,10001,13890,0.058337659610460064,0.7934782608695652,0.9646739130434783,0.9519174258007641,High concern
BGD.3.1.34.2_1,Dhaka,Rampura,Ward No-23,880.7579756820296,0.3775130597014924,0.4761904761904761,0.4567591434144865,0.7052991162175587,0.4761904761904761,0.5486059670895592,Moderate stress,12568.0,47010.0,3.74,99.93,0.4273504273504274,0.5168986599576406,DNCC,69353.0,17011.0,3.89,99.97,69353.0,17011.0,3.89,99.97,0.005278529924126412,2247,4045,5619,0.058324802099404494,0.45108695652173914,0.7472826086956522,0.41920731707317077,Moderate concern
BGD.3.1.34.2_1,Dhaka,Rampura,Ward No-23,880.7579756820296,0.3775130597014924,0.4761904761904761,0.4567591434144865,0.7052991162175587,0.4761904761904761,0.5486059670895592,Moderate stress,17011.0,69353.0,3.89,99.97,0.5555555555555555,0.5425396855986663,DNCC,69353.0,17011.0,3.89,99.97,69353.0,17011.0,3.89,99.97,0.005278529924126412,2247,4045,5619,0.058324802099404494,0.5543478260869565,0.7472826086956522,0.5151704378489569,Moderate concern
BGD.3.1.35.1_1,Dhaka,Sabujbagh,Dakshingaon (Part),272.9989236397203,0.1857530731707317,0.7608695652173916,0.1405024950090277,0.347038267882987,0.7608695652173916,0.3678817830670044,Moderate stress,,,,,,0.3678817830670044,DSCC,,,,,64277.0,,,,0.004892190214310461,2083,3749,5208,0.058325684148295656,0.08695652173913043,0.5027173913043478,0.05436379665001469,Low concern
BGD.3.1.35.2_1,Dhaka,Sabujbagh,Manda,668.882899203181,0.2619472186076773,0.4,0.3465067311424168,0.4893900675270124,0.4,0.409889216091421,Moderate stress,,,,,,0.409889216091421,DSCC,,,,,64277.0,,,,0.004892190214310461,2083,3749,5208,0.058325684148295656,0.15217391304347827,0.5027173913043478,0.09513664413752572,Low concern
BGD.3.1.35.3_1,Dhaka,Sabujbagh,Ward No-27,821.1411624023439,0.4596173028571429,0.1666666666666666,0.4257366296516887,0.8586926178388826,0.1666666666666666,0.512503734770951,Moderate stress,7537.0,29572.0,3.74,99.91,0.4273504273504274,0.4824843936412305,DSCC,29572.0,7537.0,3.74,99.91,29572.0,7537.0,3.74,99.91,0.002250756087209872,958,1725,2396,0.058332206140944136,0.33695652173913043,0.10054347826086957,0.04213194240376139,Low concern
BGD.3.1.35.3_1,Dhaka,Sabujbagh,Ward No-27,821.1411624023439,0.4596173028571429,0.1666666666666666,0.4257366296516887,0.8586926178388826,0.1666666666666666,0.512503734770951,Moderate stress,19207.0,77737.0,3.63,99.99,0.3333333333333331,0.4636809748378117,DSCC,29572.0,7537.0,3.74,99.91,29572.0,7537.0,3.74,99.91,0.002250756087209872,958,1725,2396,0.058332206140944136,0.2717391304347826,0.10054347826086957,0.033977372906259184,Low concern
BGD.3.1.35.4_1,Dhaka,Sabujbagh,Ward No-28,784.4809783411016,0.4154066059225513,0.5333333333333334,0.4066599463802915,0.7760947720849215,0.5333333333333334,0.5676304821151725,Moderate stress,5294.0,20291.0,4.03,99.98,0.6752136752136753,0.5780640759637341,DSCC,20291.0,5294.0,4.03,99.98,20291.0,5294.0,4.03,99.98,0.0015443693955625429,657,1183,1644,0.05830171011778621,0.717391304347826,0.057065217391304345,0.050910960916838076,Low concern
BGD.3.1.35.4_1,Dhaka,Sabujbagh,Ward No-28,784.4809783411016,0.4154066059225513,0.5333333333333334,0.4066599463802915,0.7760947720849215,0.5333333333333334,0.5676304821151725,Moderate stress,16976.0,64903.0,3.79,99.97,0.4700854700854699,0.5370384349380931,DSCC,20291.0,5294.0,4.03,99.98,20291.0,5294.0,4.03,99.98,0.0015443693955625429,657,1183,1644,0.05830171011778621,0.5217391304347826,0.057065217391304345,0.03702615339406406,Low concern
BGD.3.1.35.5_1,Dhaka,Sabujbagh,Ward No-29,693.3350713597112,0.4487724542124542,0.1428571428571428,0.359230790103729,0.8384314322506007,0.1428571428571428,0.4728576030434875,Moderate stress,14425.0,55010.0,3.91,99.9,0.5726495726495726,0.4784399777002984,DSCC,55010.0,14425.0,3.91,99.9,55010.0,14425.0,3.91,99.9,0.0041868690774183375,1782,3209,4457,0.05833484820941647,0.32608695652173914,0.2418478260869565,0.09807522774022921,Low concern
BGD.3.1.35.5_1,Dhaka,Sabujbagh,Ward No-29,693.3350713597112,0.4487724542124542,0.1428571428571428,0.359230790103729,0.8384314322506007,0.1428571428571428,0.4728576030434875,Moderate stress,14475.0,57416.0,3.89,99.95,0.5555555555555555,0.475021174281495,DSCC,55010.0,14425.0,3.91,99.9,55010.0,14425.0,3.91,99.9,0.0041868690774183375,1782,3209,4457,0.05833484820941647,0.31521739130434784,0.2418478260869565,0.09480605348222157,Low concern
BGD.3.1.35.6_1,Dhaka,Sabujbagh,Ward No-30,584.6253665913736,0.3922663414634146,0.1818181818181818,0.302662045033375,0.7328623390533996,0.1818181818181818,0.4230211821365853,Moderate stress,3990.0,15921.0,3.89,99.9,0.5555555555555555,0.4366220479997786,DSCC,15921.0,3990.0,3.89,99.9,15921.0,3990.0,3.89,99.9,0.0012117640898305282,516,928,1290,0.058287795992714025,0.20108695652173914,0.008152173913043478,0.002038642374375551,Low concern
BGD.3.1.35.6_1,Dhaka,Sabujbagh,Ward No-30,584.6253665913736,0.3922663414634146,0.1818181818181818,0.302662045033375,0.7328623390533996,0.1818181818181818,0.4230211821365853,Moderate stress,53717.0,197267.0,3.69,99.91,0.3846153846153844,0.4024340138117444,DSCC,15921.0,3990.0,3.89,99.9,15921.0,3990.0,3.89,99.9,0.0012117640898305282,516,928,1290,0.058287795992714025,0.1358695652173913,0.008152173913043478,0.0013774610637672642,Low concern
BGD.3.1.37.1_1,Dhaka,Shah Ali,Ward No-08,743.287396770309,0.1801943764413695,0.9551760939167556,0.3852242408986251,0.3366530804310862,0.9551760939167556,0.5107122979895191,Moderate stress,9071.0,32835.0,3.84,99.98,0.5128205128205126,0.5125910757697439,DNCC,145193.0,40489.0,3.52,99.94,145193.0,40489.0,3.52,99.94,0.011050792255182707,4705,8470,11764,0.05833614568195437,0.42934782608695654,0.9538043478260869,0.509274904496033,Moderate concern
BGD.3.1.37.1_1,Dhaka,Shah Ali,Ward No-08,743.287396770309,0.1801943764413695,0.9551760939167556,0.3852242408986251,0.3366530804310862,0.9551760939167556,0.5107122979895191,Moderate stress,40489.0,145193.0,3.52,99.94,0.2393162393162391,0.4578902210688893,DNCC,145193.0,40489.0,3.52,99.94,145193.0,40489.0,3.52,99.94,0.011050792255182707,4705,8470,11764,0.05833614568195437,0.24456521739130435,0.9538043478260869,0.2900933000293858,Low concern
BGD.3.1.38.1_1,Dhaka,Shahbagh,Ward No-56(part),292.0829411976783,0.1885933168118953,0.9444444444444444,0.1504331532373326,0.3523446308775261,0.9444444444444444,0.4196049932131783,Moderate stress,,,,,,0.4196049932131783,DSCC,,,,,64277.0,,,,0.004892190214310461,2083,3749,5208,0.058325684148295656,0.16847826086956522,0.5027173913043478,0.10532985600940346,Low concern
BGD.3.1.38.2_1,Dhaka,Shahbagh,Ward No-57,522.4860642892448,0.2763035909588043,1.0,0.2703269158168105,0.5162117534823183,1.0,0.5388048800455356,Moderate stress,23014.0,89430.0,3.86,99.88,0.5299145299145297,0.5296502648893692,DSCC,89430.0,23014.0,3.86,99.88,89430.0,23014.0,3.86,99.88,0.006806611554145099,2898,5217,7246,0.05833612881583361,0.5054347826086957,0.8097826086956522,0.5089994122832795,Moderate concern
BGD.3.1.39.1_1,Dhaka,Sher-e-bangla Nagar,Ward No-40 (Part),388.52565694946617,0.1982813484176732,0.9662921348314608,0.2006185843621946,0.3704445613404507,0.9662921348314608,0.4514760639219008,Moderate stress,,,,,,0.4514760639219008,DNCC,,,,,64277.0,,,,0.004892190214310461,2083,3749,5208,0.058325684148295656,0.22826086956521738,0.5027173913043478,0.14270496620628856,Low concern
BGD.3.1.39.2_1,Dhaka,Sher-e-bangla Nagar,Ward No-41,678.6267843225074,0.359868291224398,0.9764705882352942,0.3515771096747163,0.6723337941102957,0.9764705882352942,0.6200653188673135,Moderate stress,12093.0,44366.0,3.81,99.96,0.487179487179487,0.5838654519966808,DNCC,38608.0,9770.0,3.77,99.85,38608.0,9770.0,3.77,99.85,0.002938495570641105,1251,2252,3128,0.05832987981765437,0.7608695652173914,0.14945652173913043,0.1414193358801058,Low concern
BGD.3.1.39.2_1,Dhaka,Sher-e-bangla Nagar,Ward No-41,678.6267843225074,0.359868291224398,0.9764705882352942,0.3515771096747163,0.6723337941102957,0.9764705882352942,0.6200653188673135,Moderate stress,9770.0,38608.0,3.77,99.85,0.4529914529914528,0.577027845159074,DNCC,38608.0,9770.0,3.77,99.85,38608.0,9770.0,3.77,99.85,0.002938495570641105,1251,2252,3128,0.05832987981765437,0.7119565217391305,0.14945652173913043,0.13232809285924185,Low concern
BGD.3.1.40.1_1,Dhaka,Shyampur,Ward No-83,327.3215074120742,0.3849424688932547,0.9956521739130436,0.168770076082215,0.7191793134777856,0.9956521739130436,0.5681338336283719,Moderate stress,,,,,,0.5681338336283719,DSCC,,,,,64277.0,,,,0.004892190214310461,2083,3749,5208,0.058325684148295656,0.6630434782608695,0.5027173913043478,0.41452394945636195,Moderate concern
BGD.3.1.40.2_1,Dhaka,Shyampur,Ward No-87,451.54922675372535,0.4160705341953045,0.8571428571428571,0.2334138555965175,0.7773351742696166,0.8571428571428571,0.5797185675186871,Moderate stress,,,,,,0.5797185675186871,DSCC,,,,,64277.0,,,,0.004892190214310461,2083,3749,5208,0.058325684148295656,0.7336956521739131,0.5027173913043478,0.45869453423449896,Moderate concern
BGD.3.1.40.3_1,Dhaka,Shyampur,Ward No-90,386.1395524046622,0.3801336689299929,0.8709677419354839,0.1993769386416597,0.7101951412034876,0.8709677419354839,0.5460610103617555,Moderate stress,,,,,,0.5460610103617555,DSCC,,,,,64277.0,,,,0.004892190214310461,2083,3749,5208,0.058325684148295656,0.5706521739130435,0.5027173913043478,0.3567624155157214,Moderate concern
BGD.3.1.41.1_1,Dhaka,Sutrapur,Ward No-74,1180.2887897421294,0.4487518129269574,0.0,0.6126245493356002,0.8383928686034781,0.0,0.5384873237454574,Moderate stress,16876.0,64090.0,3.82,99.93,0.4957264957264954,0.5231621085636287,DSCC,64090.0,16876.0,3.82,99.93,64090.0,16876.0,3.82,99.93,0.004877957447223073,2077,3738,5192,0.05832423154938368,0.47282608695652173,0.2826086956521739,0.16617690273288274,Low concern
BGD.3.1.41.2_1,Dhaka,Sutrapur,Ward No-75,541.3281193451953,0.3679206362854687,0.0,0.2801316651842477,0.6873778083744453,0.0,0.3526348990047549,Moderate stress,8147.0,34200.0,4.13,99.9,0.7606837606837604,0.4220272870448501,DSCC,34200.0,8147.0,4.13,99.9,34200.0,8147.0,4.13,99.9,0.002602998044859246,1108,1995,2771,0.058333333333333334,0.1793478260869565,0.14130434782608695,0.031516309138995,Low concern
BGD.3.1.41.3_1,Dhaka,Sutrapur,Ward No-77,822.7378418173565,0.4243346756152125,0.6670908111974161,0.4265674860226025,0.7927748828835833,0.6670908111974161,0.6148709062176492,Moderate stress,,,,,,0.6148709062176492,DSCC,,,,,64277.0,,,,0.004892190214310461,2083,3749,5208,0.058325684148295656,0.8315217391304348,0.5027173913043478,0.5198538054657654,Moderate concern
BGD.3.1.41.4_1,Dhaka,Sutrapur,Ward No-78,777.269762424352,0.452613085621971,0.6670908111974161,0.4029074807130249,0.8456067971002074,0.6670908111974161,0.6238980740696365,Moderate stress,,,,,,0.6238980740696365,DSCC,,,,,64277.0,,,,0.004892190214310461,2083,3749,5208,0.058325684148295656,0.8532608695652174,0.5027173913043478,0.5334447546282691,Moderate concern
BGD.3.1.41.5_1,Dhaka,Sutrapur,Ward No-79,496.97204958502215,0.4045412324649298,0.9909090909090909,0.2570503109672239,0.7557952404525755,0.9909090909090909,0.6150757312725638,Moderate stress,,,,,,0.6150757312725638,DSCC,,,,,64277.0,,,,0.004892190214310461,2083,3749,5208,0.058325684148295656,0.8369565217391305,0.5027173913043478,0.5232515427563914,Moderate concern
BGD.3.1.41.6_1,Dhaka,Sutrapur,Ward No-80 (Part),665.1965606802064,0.5203809963099632,1.0,0.3445884889340183,0.9722160528275328,1.0,0.7281110140632437,High stress,,,,,,0.7281110140632437,DSCC,,,,,64277.0,,,,0.004892190214310461,2083,3749,5208,0.058325684148295656,0.9836956521739131,0.5027173913043478,0.6149904496032912,Moderate concern
BGD.3.1.43.1_1,Dhaka,Tejgaon,Ward No-38 (Part),659.8914464896394,0.3359590851972857,0.6670908111974161,0.3418278922342588,0.6276647649283121,0.6670908111974161,0.5231865274179668,Moderate stress,,,,,,0.5231865274179668,DNCC,,,,,64277.0,,,,0.004892190214310461,2083,3749,5208,0.058325684148295656,0.4782608695652174,0.5027173913043478,0.2990008815750808,Low concern
BGD.3.1.43.2_1,Dhaka,Tejgaon,Ward No-39,856.2472482325974,0.3665865744349182,1.0,0.4440046143176537,0.6848854107739044,1.0,0.667311739497928,Moderate stress,11841.0,44386.0,3.79,99.93,0.4700854700854699,0.6206400617217489,DNCC,74319.0,20594.0,3.7,99.94,74319.0,20594.0,3.7,99.94,0.005656497418008606,2408,4335,6021,0.0583296330682598,0.842391304347826,0.7744565217391305,0.8113245665589186,High concern
BGD.3.1.43.2_1,Dhaka,Tejgaon,Ward No-39,856.2472482325974,0.3665865744349182,1.0,0.4440046143176537,0.6848854107739044,1.0,0.667311739497928,Moderate stress,20594.0,74319.0,3.7,99.94,0.3931623931623931,0.6052554463371336,DNCC,74319.0,20594.0,3.7,99.94,74319.0,20594.0,3.7,99.94,0.005656497418008606,2408,4335,6021,0.0583296330682598,0.8152173913043478,0.7744565217391305,0.7851528063473406,High concern
BGD.3.1.43.3_1,Dhaka,Tejgaon,Ward No-40 (Part),550.6936178898468,0.305101966873706,0.0,0.2850051445185735,0.5700151082519306,0.0,0.3135073456956051,Low stress,,,,,,0.3135073456956051,DNCC,,,,,64277.0,,,,0.004892190214310461,2083,3749,5208,0.058325684148295656,0.043478260869565216,0.5027173913043478,0.027181898325007343,Low concern
BGD.3.1.42.1_1,Dhaka,Tejgaon Ind. Area,Ward No-20 (Part),696.0443327997772,0.4529059859154929,0.6670908111974161,0.3606405954201783,0.8461540160979402,0.6670908111974161,0.6071828466017044,Moderate stress,,,,,,0.6071828466017044,DNCC,,,,,64277.0,,,,0.004892190214310461,2083,3749,5208,0.058325684148295656,0.8206521739130435,0.5027173913043478,0.5130583308845136,Moderate concern
BGD.3.1.42.2_1,Dhaka,Tejgaon Ind. Area,Ward No-37,601.8150699675249,0.3035924061433445,0.997716894977169,0.3116069681218216,0.5671948300611771,0.997716894977169,0.5725902015144329,Moderate stress,2771.0,14190.0,4.36,99.95,0.9572649572649574,0.6418575168063572,DNCC,118586.0,31979.0,3.67,99.9,118586.0,31979.0,3.67,99.9,0.009025705442914578,3843,6918,9608,0.058337409137672235,0.9021739130434783,0.8722826086956522,0.978658536585366,High concern
BGD.3.1.42.2_1,Dhaka,Tejgaon Ind. Area,Ward No-37,601.8150699675249,0.3035924061433445,0.997716894977169,0.3116069681218216,0.5671948300611771,0.997716894977169,0.5725902015144329,Moderate stress,31979.0,118586.0,3.67,99.9,0.3675213675213673,0.5239087988576391,DNCC,118586.0,31979.0,3.67,99.9,118586.0,31979.0,3.67,99.9,0.009025705442914578,3843,6918,9608,0.058337409137672235,0.483695652173913,0.8722826086956522,0.5247024684102263,Moderate concern
BGD.3.1.42.3_1,Dhaka,Tejgaon Ind. Area,Ward No-38 (Part),778.0728067713461,0.4503074803149607,0.6670908111974161,0.4033253570290548,0.8412992868205188,0.6670908111974161,0.6225575959981575,Moderate stress,,,,,,0.6225575959981575,DNCC,,,,,64277.0,,,,0.004892190214310461,2083,3749,5208,0.058325684148295656,0.8478260869565217,0.5027173913043478,0.5300470173376433,Moderate concern
BGD.3.1.44.1_1,Dhaka,Turag,Harirampur (Part),105.68572916613644,0.1277232686734348,0.9482479181802936,0.0534385344799088,0.2386224958337123,0.9482479181802936,0.3419552668788362,Moderate stress,,,,,,0.3419552668788362,DNCC,,,,,64277.0,,,,0.004892190214310461,2083,3749,5208,0.058325684148295656,0.05434782608695652,0.5027173913043478,0.03397737290625918,Low concern
BGD.3.1.45.1_1,Dhaka,Uttar Khan,Uttar Khan,96.05581762618614,0.1379888296289765,0.9652141152831848,0.0484274638297366,0.2578014113264534,0.9652141152831848,0.3509050083169495,Moderate stress,,,,,,0.3509050083169495,DNCC,,,,,64277.0,,,,0.004892190214310461,2083,3749,5208,0.058325684148295656,0.059782608695652176,0.5027173913043478,0.0373751101968851,Low concern
BGD.3.1.46.1_1,Dhaka,Uttara,Ward No-01,282.0938695584665,0.3913243901661298,0.9589947089947092,0.1452351881775226,0.7311025127363437,0.9589947089947092,0.5537286319774066,Moderate stress,17949.0,70477.0,3.86,99.67,0.5299145299145297,0.5313897918280667,DNCC,119514.0,33980.0,3.44,99.87,119514.0,33980.0,3.44,99.87,0.009096336500973917,3873,6972,9683,0.058336261860535164,0.5108695652173914,0.8885869565217391,0.5645386423743756,Moderate concern
BGD.3.1.46.1_1,Dhaka,Uttara,Ward No-01,282.0938695584665,0.3913243901661298,0.9589947089947092,0.1452351881775226,0.7311025127363437,0.9589947089947092,0.5537286319774066,Moderate stress,33980.0,119514.0,3.44,99.87,0.1709401709401707,0.4595949200331948,DNCC,119514.0,33980.0,3.44,99.87,119514.0,33980.0,3.44,99.87,0.009096336500973917,3873,6972,9683,0.058336261860535164,0.25,0.8885869565217391,0.27626359094916253,Low concern
